_id,client_id,name,surname,address,company
1,3219,Valentin,Nader,"717 Howell Turnpike\nAldaton, _id 36442-4474","Bahringer, Steuber and Emard"
2,892600952,Katelin,Bahringer,"75854 Franco Circles Suite 560\nNorth Jedediahland, TX 32282",Johns-Weber
3,962034,Helena,Sauer,"9638 Abshire Union Apt. 902\nMissouris_ide, DC 76852",Strosin Inc
4,634503579,Ruth,Nicolas,"76039 Kulas Stream\nWest Theoville, LA 51875-0546",Walker LLC
5,5221381,Alessia,OKon,"0395 Kendra Terrace\nPort Alva, VT 34500",Funk-Kirlin
6,571379565,Daryl,Frami,"0828 Ford Trail\nLake Lionelhaven, NV 09064-5140",Boyle-Kub
7,64273,Rosella,Dickinson,"66780 McLaughlin Ford\nNew Sydni, CA 31737","Schm_idt, Ruecker and Altenwerth"
8,5,Misael,Strosin,"40678 Carey Center Apt. 215\nNew Brodyfurt, CO 45593-2390",Deckow Ltd
9,88,Chadrick,Haley,"0409 Klein Junctions\nPetermouth, WV 06012",Gerhold LLC
10,6,Reanna,Kemmer,"5593 Jessy Mission Apt. 900\nJedmouth, ME 68873",Connelly-Dickens
11,4517,Clare,Runolfsdottir,"81627 Torp Drives\nEast Ansel, _id 80304",Lemke-Auer
12,470038,Murray,Hodkiewicz,"449 Maye Viaduct\nNorth Generalmouth, LA 12323",Buckr_idge PLC
13,79546088,Eveline,Wiegand,"54569 Rickey Forges Apt. 131\nNorth Thora, IN 00475-9563",Hyatt Ltd
14,1784107,Hilario,Auer,"2022 Dorcas Land Apt. 002\nNew Marian, _id 37051",Abbott Group
15,858258285,Nannie,Waters,"4730 Mills Park Apt. 236\nNorth Oscarville, IL 03001",Cummings-Schoen
16,9596,Hilda,Fadel,"498 Francesco Expressway\nNew Demetrisburgh, DE 40671","Monahan, Dach and Lynch"
17,0,Tyreek,Hudson,"20408 Daniel Crossroad Suite 713\nEast Bradleyfort, VA 02689","Kub, Emmerich and Hegmann"
18,23283870,Christian,Lynch,"37731 Elody Trail Suite 344\nParkerchester, KY 33947-5796",Gleichner-Kris
19,7568,Lawson,Johns,"51875 Cremin Underpass\nMcClureton, TX 37785-4342",Rogahn Group
20,684846216,Lilyan,Beer,"81135 Abernathy Spurs\nWest Ocieburgh, FL 33618-7012",Wehner LLC
21,485161,Nova,Spinka,"98950 Wolf Passage Suite 541\nRempelstad, NH 14977-1682","Kris, Mosciski and Collins"
22,6792,Israel,Bartell,"57254 Rosalinda Squares\nWest Lucious, _id 87648-5518","Hintz, Kuhic and Medhurst"
23,861652200,Nella,Pagac,"65545 Cummings Forks\nCarrollfurt, SD 55195-9650",Simonis-Cronin
24,19509,Elmo,Hermann,"910 Ledner Canyon\nChasityshire, LA 32988",Jakubowski PLC
25,374,Erick,Collins,"76134 Natalie Center Apt. 516\nHamills_ide, WY 96698",Hudson-Shields
26,18277916,Micaela,Marks,"944 Hailie Ports Apt. 900\nPort Romanport, GA 29719","Deckow, Prosacco and Grimes"
27,93,Emilia,Paucek,"79165 Feest Valley\nKlockoborough, WI 97659",Bergnaum PLC
28,3,Adell,Cons_idine,"92897 Turcotte Haven Suite 720\nMelvinmouth, IL 79272","Hirthe, Mitchell and Lindgren"
29,482,Jaylen,Abernathy,"1987 Hamill Isle Suite 219\nNew Alfredstad, CA 90827-3221",Wyman-Witting
30,7385694,Freda,Mayer,"2431 Lauriane Street\nKovacekchester, NM 16662-6804","Cartwright, Reinger and Ryan"
31,937,Timmothy,Bruen,"8020 Reinger Neck Suite 436\nRempelstad, MS 35598",Bartoletti Group
32,3646,Eloise,Pollich,"7609 Rachael View\nNew Reagan, SD 87659-9887",Spencer-Heathcote
33,52,Bette,Durgan,"44019 Adele Freeway\nSuzannechester, NM 86368",Cummerata-Gorczany
34,96827071,Stephania,Wintheiser,"191 Alberta Squares Apt. 662\nPort Madysonville, AL 32996-3220",Little PLC
35,801470685,Coralie,Hackett,"62965 Heather Cliffs Apt. 320\nCielomouth, WV 25983-9092","Kling, Zulauf and Fisher"
36,8892487,Damien,Brekke,"3414 Okey Inlet\nNew Gilbert, FL 70588-6347","Satterfield, Willms and Ward"
37,439,Bert,Bins,"6592 Yost Valley\nEast Krystal, VA 46482-9577",Champlin-Herzog
38,55791336,Deanna,Olson,"458 Evans Stravenue Suite 156\nHenristad, IA 30329",Greenholt-West
39,2,Mabelle,Krajcik,"80544 Wintheiser Gateway\nSouth Eddberg, KY 32924",Adams-Gleason
40,12635,Leopold,Heller,"2352 Tyra Pass\nTonyburgh, MS 45995-3888","Feeney, Von and Borer"
41,7,Edgar,Paucek,"0825 Charity Spring Suite 023\nBillview, NM 40395-2957",West-Davis
42,572164,Vivien,Torphy,"816 Layla Motorway Apt. 031\nGrahamview, VA 67964-3706",Stark-Schne_ider
43,64354,Claude,Muller,"81539 Kuhlman Pines Suite 982\nGottliebfurt, TN 25202",Friesen-Thompson
44,17784,Alexandrea,Kutch,"2291 OKon Brooks Apt. 037\nPort Fred, MO 23118-4468",Haag PLC
45,249844655,Maybelle,Kessler,"757 Mraz Center\nLake Oralview, ND 55932",Boyer-Collins
46,3199,Amalia,Ondricka,"1446 Kuhic Junction\nEast Pasqualefort, KY 29680-4478",Murray LLC
47,73530,Bo,Swaniawski,"18098 Douglas Loop\nPriscillatown, DE 66548-1317","Kutch, Murray and Bahringer"
48,1655,Ludie,Schaefer,"618 Gislason Cliffs\nNew Hughtown, CT 57970",Kessler-Kilback
49,538991,German,Bashirian,"94587 Leone Lakes Apt. 878\nJailynport, PA 13198-8611",Kub and Sons
50,912750,Rosina,Funk,"217 Fritz Fall Apt. 132\nV_idalhaven, MI 15263","Runte, Effertz and Pacocha"
51,5164946,Alene,Dooley,"5625 Lolita Fields Suite 318\nNew Alexandra, RI 63397",Kovacek-Dibbert
52,677700046,Clarabelle,Stamm,"70512 Corwin Court\nSouth Genoveva, WV 89490","OReilly, Doyle and Ortiz"
53,288406015,Reggie,Kunde,"6924 Funk Plain\nFeeststad, VT 70696",Gorczany-Bailey
54,2156,Virgie,Champlin,"466 Jarret Highway Apt. 253\nPort Donnellburgh, MS 22726-1507","Corwin, Funk and Mohr"
55,4667,Earlene,Hyatt,"24535 Hirthe Creek Suite 618\nNew Mina, AL 43818-4190",Tromp-Jacobi
56,14825713,Carlotta,Roberts,"199 Timothy Ranch\nMagdalenfort, UT 51496",Smitham-Crona
57,651,Mozell,Hodkiewicz,"2937 Garrett Squares Suite 475\nNorth Julialand, DE 90856",Mante-Veum
58,870,Assunta,Gutmann,"0110 Treva Common Suite 348\nWest Laron, NC 99273-2279",Farrell-Murazik
59,15779590,Tyreek,Hamill,"7558 Reilly Trail Apt. 508\nEast Easter, MD 74784",Greenfelder-Rice
60,3942,Sydnee,Oberbrunner,"0243 Gerhold Hollow Apt. 144\nTerryport, PA 73607",Armstrong Group
61,22375,Elyse,Breitenberg,"45705 Judson Crossing\nNapoleonville, AZ 50550-0077","Rowe, Kulas and Baumbach"
62,7138499,Elmira,Bauch,"1302 Einar Canyon\nNorth Tylertown, OH 97729-2482",Abbott-Murazik
63,709179018,Bette,Spinka,"2188 Melyssa Loaf\nLake Lauramouth, AL 09505","Wiegand, Champlin and Medhurst"
64,4856116,Camryn,Purdy,"24760 Percival Greens\nWest Chloeburgh, WA 13428-2633",Bogan-Wisozk
65,918463227,Keaton,Schroeder,"43178 Waters Squares\nSylvesterburgh, AZ 20621-3583","Wilkinson, Torp and Prohaska"
66,7724954,Miguel,Ward,"780 Roberts Stravenue Apt. 002\nLoraborough, NV 23838",Stokes-Waters
67,37435,Vivien,Farrell,"42652 Runolfsdottir Village Suite 973\nMoorehaven, ND 21487","Baumbach, Murazik and Altenwerth"
68,767436890,Lincoln,Wolf,"63563 Arnold Center\nEast Doviestad, MI 56914-4940","Ferry, Kerluke and Stokes"
69,46,Marc,Sanford,"01071 Lynch Inlet\nBahringerview, DE 14728-7827",Berge-Deckow
70,198,Arnaldo,Bartoletti,"23508 Schmitt Isle\nAnkundingville, CA 30680-4378","Rempel, Leuschke and Grimes"
71,4942,Judah,Shields,"9829 Abelardo Burgs\nNew Ja_iden, NC 31710-7833","Feest, Bernhard and Herzog"
72,1875754,Gisselle,Daugherty,"116 Cormier Courts Suite 022\nMacejkovicville, OH 54436",Jenkins Inc
73,941284,Tomasa,West,"860 Kub Hills\nWolffview, PA 51816-2769",Frami-McKenzie
74,1047,Zackary,Upton,"95500 Hills Village Apt. 874\nLake Marta, SD 45948",Wehner-Cassin
75,55904,Domingo,Stroman,"360 Orn Run Apt. 491\nLake Clemmie, ME 79752-8323",Sporer Ltd
76,39574588,Jacklyn,Bechtelar,"488 Laney Square Suite 458\nRunolfssonview, ME 22983-1368",Reinger and Sons
77,725169367,Jovani,Weimann,"9133 Keira Rap_id Suite 247\nEast Jeremy, CT 29752-4968",Stokes Inc
78,42219,Finn,Franecki,"833 Declan Port\nBrekkemouth, MA 30306-5640","Wiegand, Donnelly and Smith"
79,35248653,Brenden,Doyle,"0941 Colin Avenue\nSouth Serenastad, NJ 77874-0961","Kuvalis, McCullough and Schmitt"
80,71,Ubaldo,Cummings,"86269 Rodrick Crescent Suite 582\nVaughnfurt, TX 78705",OConner and Sons
81,717911,Diana,Beier,"795 Melany Junctions\nHaleyborough, WV 90747-6803",Larkin-Connelly
82,50180,Helena,Goldner,"298 Emelie Gateway Apt. 611\nSouth Nelson, NY 60051-4871","Swift, Boyer and Orn"
83,39,Eva,Fritsch,"32007 Ursula Walk\nWest Leilaniview, AR 75964","Herman, Bernhard and Mayer"
84,1,Zion,Huels,"59776 Becker Junction\nEast Esmeralda, WY 62631-3124",Gleichner-Dicki
85,416486784,Melody,Wehner,"0079 Runolfsdottir Brooks\nNew Lennie, NV 55650","Willms, Rice and Goodwin"
86,46060,Clyde,Runte,"940 Charles Isle\nNorth Casimer, ME 94284-2781",Swaniawski PLC
87,94,Nikolas,Corwin,"8227 Mallie Shoal\nWest Carmens_ide, OR 91259-6899",Cons_idine Inc
88,663,Yvonne,Nader,"93808 Zackary Squares\nSouth Arv_id, _id 48459","Mohr, Kris and Wuckert"
89,8535559,Murray,Daniel,"38536 Keeling Well Apt. 237\nNorth Tillmanbury, WI 02320-2040",Terry-Bradtke
90,40,Manuela,Kautzer,"745 Johnson Views Apt. 688\nSouth Juliet, OH 74345-0777","Labadie, Kirlin and Brown"
91,34,Jan,Ruecker,"68623 Bartoletti Path Apt. 704\nEliseomouth, MI 65182-7124",Reinger Ltd
92,71040162,Makenzie,Purdy,"99384 Fr_ida Terrace Suite 679\nAniyaville, VT 16953",Klocko-Bauch
93,539518697,Haskell,Deckow,"967 Marques Forks Suite 469\nKirstenmouth, NY 29308-3501","Collier, Corkery and Eichmann"
94,46833,Shania,Bode,"674 Estella Shores\nBergnaumville, FL 59222",Bins PLC
95,8,Horace,Mills,"670 Gerlach Alley Suite 776\nHarrisland, GA 65166",Spencer-Bednar
96,5051,Lambert,Zieme,"5951 Ratke Expressway\nHartmannstad, AL 37026-7442",Crooks and Sons
97,89,Rex,Littel,"9805 Jay Ford Apt. 476\nKacifort, GA 13387",Daugherty Ltd
98,901760479,Melissa,Grady,"5830 Johnston Fort\nRhettborough, MS 29447","Wehner, Hartmann and Leuschke"
99,9,Linda,Morissette,"9610 Schamberger Inlet\nNew Clydechester, DC 95422-9008",Brekke-Howe
100,51565,Florian,Eichmann,"23015 Letha Plaza\nBernhardfort, DE 02508",Wisoky-Johns
101,2330246,Luna,Frami,"55607 Ferry Well\nLindmouth, AL 50883",Connelly-Buckr_idge
102,316,Abbey,Emard,"86574 Feest Mill\nFaheybury, AK 75270",Waelchi Inc
103,995644231,Serena,Hane,"5994 Lueilwitz Cove\nDenesikfurt, RI 59529","Hintz, Wuckert and Eichmann"
104,4,Carleton,Wyman,"21995 Oliver Harbors\nJohnstonburgh, AR 03282-6169","Rau, McLaughlin and Bruen"
105,63,Douglas,Medhurst,"502 Ruecker Knoll Apt. 822\nGuadalupeton, DE 63020-7190",Parker-Treutel
106,648109,Lillian,Weissnat,"0149 Moore Centers Apt. 538\nGilbertotown, CO 37308","Herman, Labadie and Heaney"
107,551746,Leda,Schinner,"5520 Schaden Lights\nNikolaustown, IN 12495",Cole-Walter
108,53252,Laurie,Weber,"0068 Jacey Path\nNorth Nikko, OK 37959-1292","Schaefer, Hamill and Wilderman"
109,793381,Vergie,Kessler,"31439 Haag Lake\nDarrontown, SD 28964","Erdman, Moore and Hilpert"
110,86525481,Ricardo,Cruickshank,"357 Bethel Underpass Apt. 774\nDevanport, LA 25499",OConnell-Keebler
111,74138,Jay,Parisian,"876 King Ways Apt. 681\nLake Dameon, LA 90270-9073",Romaguera PLC
112,6984763,Boris,OConner,"3509 Verner Turnpike\nPort Ewaldhaven, DE 29021-3302",Koch LLC
113,467250,Elnora,Bartoletti,"6920 Jettie Gardens\nMckennatown, MN 34204","Grady, Lesch and Wolf"
114,229,Helga,Kirlin,"90343 Willow Skyway Apt. 211\nNorth Deloresland, OK 66540",Gusikowski Ltd
115,30,Treva,Hermann,"69749 Elliott R_idge\nPort Garret, NV 63693","Windler, Armstrong and Braun"
116,5710789,Pierre,Rodriguez,"60567 Murray Ports Suite 225\nNorth Shyann, MO 72910-5782","Beer, Pfannerstill and Kshlerin"
117,88856305,Elinor,Beier,"3605 Kenneth Cape Apt. 277\nNorbertoton, TN 78348","Maggio, Barrows and Schumm"
118,97039877,Eden,Dooley,"92536 Laura Stream Suite 310\nHomenickview, SC 57704","Quitzon, Sipes and Weber"
119,716089,Jerrold,Corkery,"97399 Darrel Curve Suite 837\nSouth Alfonsoland, PA 56829","Haley, Brekke and Bailey"
120,5685802,Donald,Runolfsdottir,"692 Morar Skyway\nAliviabury, AL 68898-6313",Gorczany-Wunsch
121,7786639,Jermey,Witting,"056 Rita Falls\nKaylinland, IN 07791-1309",Homenick and Sons
122,13493368,Joanie,Walsh,"33418 Nash Pass Apt. 403\nEast Talonville, MD 95590",Green-Cruickshank
123,2883573,Cristina,Kovacek,"78867 Marks Plains\nLake Uriahbury, TN 10942",Bednar-Cormier
124,233,Ashly,Kris,"629 Maiya Turnpike Apt. 192\nEast Jose, KY 91201","Jones, Collier and Sauer"
125,336464,Arnold,Romaguera,"42548 Leffler Islands Suite 826\nTianachester, DC 79212-6640",Erdman LLC
126,555890,Lenny,Stiedemann,"51215 Langworth Stravenue\nDeclantown, DE 55726",Cruickshank LLC
127,6489882,Cooper,Beier,"01531 Oral Ways Suite 876\nRudyfurt, NY 59045-5649","Hickle, Feil and Schowalter"
128,2405586,Jeanie,Runolfsson,"990 Huel Points Apt. 649\nNew Roxanne, IN 30335",Ankunding-Harber
129,785436,Rodger,Altenwerth,"9751 Rogahn Crescent Apt. 147\nStehrberg, MA 35406-9083",Weber-Sawayn
130,799212501,Niko,OConnell,"30070 Goldner Burgs\nGerlachstad, TX 45470",Littel-Ratke
131,949484,Lawrence,Lockman,"679 Cullen Lakes\nAnkundingland, _id 65166-4333","Satterfield, Wisozk and Hahn"
132,392084,Darron,Kassulke,"47582 Jerome Coves\nGrantmouth, NE 74068-2571","Shanahan, Lowe and Satterfield"
133,74,Kobe,Cassin,"5821 Myrtie Courts\nLucindaborough, WY 85918-9872","Hills, Bashirian and Boyer"
134,567,Ezekiel,Ratke,"94191 Hickle Neck\nRobertsview, CO 61619-5345",Turcotte LLC
135,37087,Nicholas,Carter,"6478 Queenie Courts\nRusselborough, MT 85952-9703",Braun Group
136,8860,Jadyn,Conn,"417 Rempel Ramp Suite 316\nHoegershire, PA 35850-5497",Wiza-Brekke
137,48,Rosalia,Marks,"65847 Leffler Flats\nPort Cletusfort, CT 33695-7858","Hand, Lehner and Gerhold"
138,737082,Rosamond,Von,"12813 Swift Passage Apt. 483\nDonaldville, KY 34211-8521",Hagenes Group
139,6577,Frank,Fritsch,"6841 White Orchard Suite 396\nRozellabury, DE 45235","Greenholt, Purdy and Shanahan"
140,284417,Georgiana,Stark,"54943 Carmel Brooks Suite 536\nGulgowskiborough, WV 72984",Effertz-Conn
141,999932350,Brisa,Huels,"2119 Annette Street\nFadelhaven, TN 66079",Wunsch-Schuster
142,60602,Myrl,Crona,"66911 Keven Cape Apt. 413\nBalistreriland, DC 30772",Bailey Ltd
143,64602,Jazlyn,Flatley,"8807 Moore Lodge Suite 981\nDaveland, NV 85779",Will and Sons
144,3787265,Fre_ida,Dibbert,"16443 Johnston Hill\nNew Richmondmouth, IL 37653-8094",Heller Group
145,942527,Piper,Ryan,"259 Earnest Square\nHartmannview, MN 66350-8311","Koelpin, McDermott and Russel"
146,43613,Mariana,Tromp,"40897 Webster Mountain Apt. 063\nLake Deshawns_ide, VT 81056","Rau, Bruen and OConner"
147,855095,Lew,Torp,"079 Dicki Fort\nLeolamouth, WA 00994",Little Inc
148,997535947,Aditya,Dickens,"0847 Franecki Drive Suite 263\nPort Xzavier, IL 88283-9987",Schne_ider Inc
149,569,Freeman,Ankunding,"5815 Rolando Junctions\nEast Alexandra, IN 04046-9046",Mraz Group
150,45205488,Rafaela,Emard,"10844 Luisa Highway Apt. 070\nBeahanstad, NC 89980",Homenick-Kessler
151,8365,Ernesto,Marquardt,"41414 Skiles Trail\nAldenburgh, KS 72065-8693","Conroy, Armstrong and Ankunding"
152,96437053,Rosendo,Welch,"015 Esperanza Locks\nReynoldschester, NE 35446",Halvorson Ltd
153,12219,Shyanne,Predovic,"828 Hand Radial Apt. 057\nPort Abbie, WV 58055-4175",Abernathy Ltd
154,12,Lempi,Mann,"242 Kaden Spring Suite 399\nPort Hunter, UT 78158",Kerluke PLC
155,1633,Hester,Miller,"341 Wilkinson Track Suite 101\nF_idelborough, UT 82986-3825",Swaniawski-Kassulke
156,641,Winifred,Crona,"07916 Mazie Pine Suite 243\nNew Tabitha, HI 12698",Stamm-Kshlerin
157,921369,Hollis,Kris,"4268 Tillman Prairie\nNew Gerda, _id 06667-1526","Schaden, Cartwright and Braun"
158,390290392,Fausto,Jenkins,"1850 Christop Brooks\nAraceliton, OR 79777-6816",Fay and Sons
159,41277,Reinhold,Quigley,"4619 Abdiel Burgs\nNew Zelmaport, WA 26579",Ryan Group
160,263724144,Aron,Donnelly,"5878 Roberts Loaf Apt. 275\nIleneview, OK 13503",Skiles-Beer
161,5486909,Bennie,Beer,"2798 King Union Suite 864\nSchustermouth, AL 53708",Howe Inc
162,8388,Mertie,Bosco,"09037 Anais Prairie\nNorth Shania, UT 13460",Fritsch Group
163,184200201,Madelynn,Hoeger,"3330 Howell Pines\nOkunevafurt, RI 13661",Mertz-Deckow
164,211426,Lila,McGlynn,"8146 Cassin Port Apt. 021\nNorth Alda, MN 07434-5562","Howe, Strosin and Hackett"
165,73938,Evert,Reinger,"15668 Raymundo Orchard Suite 913\nDemarcoville, AZ 30189-1177","Halvorson, Grimes and Volkman"
166,90205,Lisa,Balistreri,"076 Bauch Oval Suite 566\nMuellerborough, WI 04774",Eichmann-Johnston
167,616088,Kellen,Senger,"51435 Hulda Prairie Apt. 571\nSouth Nichole, CA 77870-9988",Little Group
168,8595796,Kaya,Lynch,"681 Sammie Cliff\nNorth Granvilleburgh, ND 02256-4825",Bartoletti Ltd
169,913,Paula,Pfannerstill,"9669 Wilkinson Prairie Apt. 091\nSouth Eloyburgh, WA 39416","West, Streich and Cummerata"
170,2247,Adele,Wuckert,"221 Adams Dale\nNew Allison, CT 53328","Walter, Bogan and Williamson"
171,81353003,Monique,Boehm,"8364 Chelsie Lights\nNorth Calebmouth, MS 21017-9594",Schoen and Sons
172,1317368,Concepcion,Barton,"40407 Amalia Fork\nWest Demetrius, CA 94628",Hagenes-Cormier
173,3124,Lourdes,Emmerich,"273 Dibbert Mountains\nCristmouth, IA 94466-8076",Reilly Group
174,868524,Wade,Torphy,"7606 Sabina Route Apt. 651\nKarleeview, OH 63659-0655","Mohr, Anderson and Wyman"
175,212846494,Alexandro,Towne,"7409 Schiller Forges\nNorth Elmiraview, TN 28135","Mosciski, Stoltenberg and Rempel"
176,911497,Keyon,Kilback,"439 Justine Common\nClaireshire, MA 75109-9851",Jacobi-Hahn
177,583717390,Freddy,Little,"1998 Branson Row Apt. 023\nLake Paula, MS 69365","Kuphal, Schuster and Becker"
178,542469218,Alice,Greenholt,"771 Valentin Stravenue Suite 219\nEliezerhaven, OH 12945",Ryan Ltd
179,1403,Keshaun,Purdy,"21758 Johnston Villages Apt. 212\nWest Kristin, UT 78247-7608","Okuneva, Wyman and Jacobson"
180,19,Abel,Kuhn,"82510 Deangelo Vista Apt. 520\nSkiless_ide, KY 25622",Connelly Group
181,644434,Tiana,Rath,"9512 Will Estates Apt. 798\nWest Michel, LA 61536",Bailey Group
182,2879184,Kobe,Carroll,"156 Rippin Avenue\nSouth Holdenport, MO 49343-2746","Konopelski, Brakus and Hickle"
183,83249762,Shaun,Rau,"5723 Cruickshank Cape Suite 767\nCordeliaberg, OR 49000","Daugherty, Corwin and Corwin"
184,935,Maryse,Gulgowski,"548 Delaney Fort Suite 015\nEast Abdullah, HI 02830-6553","Murphy, Koch and Cruickshank"
185,6001,Benedict,Kub,"968 Parker Avenue Suite 152\nDelphaton, UT 27551","Flatley, Mertz and Berge"
186,591522245,Emmy,Marquardt,"543 Orpha Mount Suite 459\nCullentown, NV 58485-4038",Stanton-Blanda
187,56876,Jayde,Emmerich,"88261 Bins Extensions Apt. 930\nPort Jeremy, HI 41474",Pouros-Cole
188,8245,Priscilla,Johnson,"07208 Toy Trail\nAltenwerthview, MA 34084-6082",Satterfield Ltd
189,90141041,Malvina,Lang,"4650 Kuhlman Manors\nEast Kaleighbury, _id 65593",Larson-Spencer
190,2071303,Spencer,Zieme,"435 Ondricka Valley Apt. 085\nSatterfieldton, IL 28917-6288","Howe, Dibbert and Cremin"
191,83674,Reece,Adams,"842 Kelli Knolls\nNorth Damon, SC 96676",Hyatt-Pfeffer
192,665,Eugene,Leuschke,"1435 Anderson Views\nNorth Jorge, WI 13656-7942",Bogan-Gleichner
193,18427,Kelsie,Stoltenberg,"380 Bosco Fork Suite 061\nEast Ashaland, NJ 08172",Kessler PLC
194,84072,Rebekah,Johns,"16487 Fae Hollow\nZulauffurt, _id 20557-5587","Zboncak, Lynch and Anderson"
195,906997,Paxton,Rice,"404 Ratke Track\nCummerataborough, NH 94646",Gislason PLC
196,85394213,Maxine,Marks,"170 Greenholt Alley Suite 819\nCorneliusview, CA 85680-8878",DuBuque-Frami
197,91,Glennie,Durgan,"81684 Nels Pines Suite 735\nEast Shad, SD 52867",Thompson Ltd
198,7623,Kaelyn,Franecki,"764 Will Ville\nNew Dillan, MS 76799-7065",Botsford Group
199,39342979,Ella,Cole,"38434 Kreiger Harbors\nNorth Casandra, TN 91332","Eichmann, Heaney and Gutkowski"
200,835680,Ashlynn,Schuppe,"0026 Ondricka Coves Suite 198\nNorth Reva, OH 71254-7386","Thompson, Haag and Murazik"
201,75046,Fabiola,Bartoletti,"1294 Hane Flats Apt. 134\nBarneyville, FL 59525","Carroll, Shanahan and McKenzie"
202,170,Tiana,Quigley,"12473 Marquardt Tunnel Suite 894\nMayratown, HI 77568",Davis-Abernathy
203,398646874,Alaina,Bruen,"5366 Weimann Mews\nNorth Elian, VA 30511-6655",Grant and Sons
204,406,Cruz,Pouros,"305 Wanda Place\nSouth Camillechester, UT 07082","Hilll, Bogisich and Huels"
205,2246,Carey,Haag,"083 Craig Crossing Suite 896\nNew Timmyhaven, MO 80341",Kling LLC
206,5913,Lilly,Steuber,"9799 Alexie Fort\nEddiemouth, KS 04120","Zboncak, Mosciski and Streich"
207,340196,Effie,Mante,"9982 Kevin Lodge Suite 106\nTreutelton, NM 38901","Kunde, Rohan and Torphy"
208,84386612,Oswald,Fay,"2540 Cristopher Extensions\nKertzmannland, DE 44863",Koelpin-Kling
209,613843396,Reagan,Reilly,"44350 Rohan Div_ide\nNew Pasqualeborough, LA 19841",Senger Ltd
210,98,Shaun,Schaefer,"19017 Pattie Motorway Apt. 600\nClementberg, WY 00506",Metz and Sons
211,484802,Reyes,Labadie,"6114 Anna Avenue Apt. 072\nPort Tyrafurt, MN 03426-9933",Larkin-Schmeler
212,3673309,Consuelo,Weber,"6456 Hintz Mission Suite 736\nSouth Corymouth, LA 15241-2514","Reynolds, Gerlach and Collier"
213,8111100,Caden,Murazik,"0705 Shields Orchard\nNew Maymiehaven, TX 01816",Senger PLC
214,16925,Benedict,Tromp,"88868 Walter Estates\nMohrs_ide, DE 57312","Wiza, OConner and Cormier"
215,154041984,Ophelia,Kreiger,"3114 Edyth Drive\nLewmouth, NM 14012",Sawayn-Hilll
216,5077,Alex,Sawayn,"580 Charles Drives\nVonstad, DE 53212",McDermott-Hauck
217,540,Alberta,Kuvalis,"748 Schuppe Plains Suite 240\nNorth Rutheport, AZ 59889",Metz-Hegmann
218,73506,Connie,Kohler,"253 Ella Wall Apt. 915\nLake Patsyville, RI 72661-4667",Erdman-Kuhlman
219,4995669,Anabelle,Stracke,"1544 Sarai Spring Suite 053\nEast Jaedenfurt, MA 76331-6866",Lynch Ltd
220,611338,Sabryna,Sauer,"74767 Camryn Stream Apt. 804\nWest Dominiquemouth, _id 84765-5680","Maggio, Friesen and Pagac"
221,467,Chaz,Hirthe,"6352 Llewellyn Cliff\nWisokyview, AR 89484-8460",Stroman-Kuphal
222,7449458,Zachery,Hickle,"51704 Lesly Centers Apt. 778\nSouth Vince, ME 08343-4694","Schne_ider, Lowe and Schroeder"
223,60311,Alf,Spinka,"89101 Moriah Trafficway\nLake Jaylonburgh, HI 50268-6109",Wolf LLC
224,83736,Talia,OKeefe,"27380 Horace Knoll\nLake Reynold, UT 01004-6142",Zulauf PLC
225,276,Roel,OConner,"6836 Macy Summit Apt. 045\nLake Kennyborough, WA 72499-8883",Frami-Stroman
226,67,Janae,Stark,"46615 Judy Branch Apt. 735\nKasandrafurt, KS 44721-3659",Langworth-Ortiz
227,138,Gertrude,Senger,"599 Brett Place\nSouth Ara, SC 61438",Von LLC
228,5928,Raymond,Konopelski,"4071 Towne Green Suite 084\nNew Conrad, NH 54054-3453","Homenick, Cassin and Schroeder"
229,84,Makenna,Block,"8732 Emmett Shoal\nCollinston, MA 50672-8465","Williamson, Swaniawski and Bogan"
230,2257,Scottie,Mayert,"151 Wunsch Throughway Suite 761\nWest Colinmouth, WY 73703","Sanford, Weissnat and Mitchell"
231,77,Marjorie,Renner,"2204 Jerde Circle Suite 221\nPort Lyricstad, CT 30082-0391",Gusikowski-Barton
232,341458999,Tiffany,Witting,"001 Sandrine Falls\nWest Trentonhaven, MI 13156-9547",Ebert-Brekke
233,43,Coby,Conn,"3396 Smith Pass Suite 031\nCronafurt, WV 77679",Yost-Brekke
234,64,Ted,Denesik,"985 Lia Creek\nNew Lorna, NC 04947-5377","Larson, Jenkins and Bogan"
235,324953,Krystal,Wisoky,"249 Gleason Falls\nDavisberg, GA 30773",Osinski-Bechtelar
236,29,Dagmar,Sipes,"7507 Irma Way\nSouth Jeffville, MO 41646",Gorczany-Ratke
237,318,Wyatt,Hermiston,"260 West Lakes\nKeelingport, IN 68216-8415","Nicolas, Hartmann and Hirthe"
238,24892,Michaela,VonRueden,"877 Watson Green\nSouth Korymouth, OH 43614-1684",Hettinger-Pfannerstill
239,445369,Easton,Turcotte,"14745 Marjolaine Lock Apt. 500\nChristbury, MO 86513-6316","Gleichner, Johns and Bradtke"
240,33751,Regan,Emmerich,"55851 Arvel Hollow Suite 786\nMyronton, WY 62202",Rogahn Inc
241,59776,Lawrence,Lebsack,"476 Boyle Key\nAmanihaven, MA 87841-7187","Quitzon, Ferry and Towne"
242,789598,Brenden,Corwin,"42808 Koss Roads\nJaces_ide, RI 73890-8848",Miller Inc
243,2046532,Aglae,Weissnat,"1672 Simonis Mountain\nAlessiaville, KY 11744-6377",Mayert-Hammes
244,9238,Isobel,Weber,"94557 Predovic Lodge Suite 954\nBruens_ide, HI 06352-6166",Gerlach-Wisozk
245,14737,Sofia,Hansen,"343 Nader Overpass\nLakinmouth, VT 83369-4022","Cruickshank, Muller and Braun"
246,640558,Samir,Becker,"0233 Jayda Plain\nNew Mathiaschester, OH 35507","Conroy, VonRueden and Rutherford"
247,940,Carolanne,Hoppe,"879 Neal Plaza\nEast Tod, GA 74486","Hermiston, Dietrich and Oberbrunner"
248,309026,Martina,Kozey,"36229 Rashawn Island\nNorth Delaney, ND 98313-6596","Mayert, Jacobs and Renner"
249,7907824,Haylie,Jerde,"1876 Emil Springs Suite 637\nTreutelport, NV 27999","Fritsch, Farrell and Prosacco"
250,7311187,Conner,Boyle,"132 Price Spur\nGreenburgh, MS 00376-0099",Harber-Harris
251,6454116,Guillermo,Sporer,"458 Nels Inlet Suite 830\nMaciview, MN 95212",Hauck and Sons
252,94979271,Jeramie,Okuneva,"6972 Quitzon Shoal Apt. 166\nArmstrongview, MI 20924",Farrell-Gaylord
253,6199,Leonie,Buckr_idge,"81330 Hane Way Suite 834\nSouth Ladarius, WY 31384-0895",Mitchell-Kirlin
254,2860436,Rusty,Ortiz,"29171 Eichmann Junctions\nKeonburgh, VT 09908",Hahn-Hettinger
255,990001020,Rosa,Lowe,"70599 Bernier Rap_ids\nLake Darrylville, WI 71142",Lind Ltd
256,483,Roxane,Upton,"24536 Elizabeth Mill\nJohnsport, TX 75906","Hammes, Daugherty and Littel"
257,890398,Camilla,Streich,"47450 Weber Mount\nCristtown, HI 14086",Kassulke-Dooley
258,38741,Abbie,Romaguera,"9875 Prohaska Rap_id\nSouth Monroe, NJ 60503",Veum-Kessler
259,42,Emmalee,Emmerich,"3687 Torrance Ville Apt. 105\nLake Toneychester, IL 61355","Frami, Moen and Stanton"
260,787,Hermann,Schimmel,"633 Carlee Fork\nNew Sasha, TX 21452",Parker-Thompson
261,9773,Daisy,Schne_ider,"783 Weimann Plains\nNew Effie, FL 52479",Ferry Group
262,960390,Rex,Morissette,"310 Hugh Isle\nShaynamouth, WI 95935-3231",Pfannerstill Group
263,15,Joshua,Nicolas,"75099 Bechtelar Shoals\nLoratown, IL 47921","Abernathy, Greenholt and Aufderhar"
264,508196,Mozelle,Nikolaus,"5293 Rachael Br_idge\nNorth Maye, NV 38720-1446",McClure-Bayer
265,854,Morton,Schulist,"16261 Earl Spurs Apt. 952\nWest Br_idieton, OH 94018-7314",Towne Group
266,83,Lane,Quigley,"0711 Nikolaus Lodge\nEast Werner, OR 08436-5274",Konopelski-Christiansen
267,4339179,Cedrick,Sawayn,"3839 Otto Route\nArnulfoshire, NE 93195-7967","Durgan, Medhurst and Bergnaum"
268,6121,Margaretta,Prohaska,"63035 Greenholt Stravenue\nShyanntown, LA 00314",Lockman-Collier
269,503703579,Chadrick,Prosacco,"803 Colton Vista\nEast Godfrey, RI 79058-5062",Labadie PLC
270,22,Audreanne,Walsh,"3537 Schiller Forges\nPort Skye, DC 46600",Brakus LLC
271,71768,Cynthia,Waelchi,"546 Kuhn Mission Apt. 642\nBartonchester, IL 07474-3681","Lehner, Quitzon and Johns"
272,5666008,Kali,Purdy,"82218 Bode Greens Apt. 324\nGorczanyshire, WA 07181","Hermiston, Dibbert and Witting"
273,7632,Sydnee,Blanda,"56438 Ofelia Road Apt. 503\nNorth Adalberto, PA 61070",Stark PLC
274,16700289,Pearl,Lynch,"62121 Nicolas Light Suite 838\nWymanport, NM 94531-0129","Baumbach, Sporer and Wunsch"
275,5661,Sadie,McGlynn,"6508 Schuyler Turnpike Suite 772\nYundtborough, DE 10306-8173",DAmore-Bruen
276,931,Dominique,Macejkovic,"3423 Roger Stravenue Apt. 318\nEast Ryleemouth, DC 81028-0069",Brakus Ltd
277,821,Neha,Barton,"5955 Ross Parkways\nKeeblerfort, NC 32745",Hoeger Inc
278,23317,Finn,Kshlerin,"43208 Alfreda Junction Apt. 906\nRomagueraton, CO 98887-8532",Altenwerth Group
279,10414,Darwin,Strosin,"1312 Savion Lodge\nNorth Clementine, NV 86361",Koss-Prosacco
280,3751939,Nathan,Grant,"6679 Weimann Mountain Suite 122\nMorarport, IN 61817",Kozey and Sons
281,94375234,Krystal,Shields,"4782 Loyce Shores\nPort Dora, AK 92713-9810","Hauck, Flatley and Schumm"
282,670618,Royce,Greenholt,"38570 Johnpaul Roads Apt. 776\nGutmannmouth, MA 10111",Stroman PLC
283,474196,Sabrina,Littel,"6561 Wolff Run\nNorth Eliezerview, SC 49772",Renner Group
284,62,Korey,Skiles,"747 Marcella Tunnel\nNew Carol, NJ 39702",Tillman PLC
285,5263,Mervin,Ankunding,"1184 Rickie Centers\nRobertsport, OR 64715","VonRueden, Klocko and Schaden"
286,573528,Jevon,Christiansen,"145 Shields Lock Apt. 451\nLangview, MN 60038-0276",Jacobson-Schulist
287,577393555,Genoveva,Thompson,"77070 Glenna Avenue\nMaeganhaven, CT 59116",Fay LLC
288,35314,Hettie,Brekke,"3416 Daniel Square\nLake Leslyfort, UT 11058","Balistreri, Gorczany and Daniel"
289,8504,Zoey,McClure,"40042 Amya Plain Apt. 135\nNew Dexter, SD 30591-9563",Nitzsche-Champlin
290,528374,Bradley,Predovic,"719 Schimmel Expressway Suite 769\nPrincechester, NJ 10187-9887",Kovacek PLC
291,685,Jadon,Rath,"869 Carli Squares\nSouth Juliana, MI 68641","Kuhlman, Lesch and Schoen"
292,8674333,Lola,Howe,"9930 Ines Crest\nWest Shannaland, AL 60164","Langosh, Torp and Wehner"
293,4266,Chelsea,Conn,"828 Dianna Crescent\nJaskolskiburgh, MA 49959-0274",Hegmann-Doyle
294,655809,Rey,Senger,"479 Kennedi Via\nEast Joaquin, CO 06486-7026",Swift Group
295,486317,Oda,Herman,"383 Kautzer Extensions\nLefflerhaven, IA 27002-8852",He_idenreich Inc
296,93602,Marietta,Goyette,"38399 Caden Keys Suite 972\nNew Liana, NJ 33176-1750",Mills-Orn
297,546745496,Ray,Hand,"968 Jeffrey Plaza Apt. 070\nWest Leathachester, ND 15067","Wisozk, Williamson and Larkin"
298,4793304,Mae,Krajcik,"5005 Kaci Crescent\nJudestad, MN 92378",Kunde-Wehner
299,818,Charlene,Kessler,"544 Olin Crest Suite 819\nInestown, AZ 11840-2727",Thiel Ltd
300,45509709,Annette,Effertz,"61319 Carleton Plain\nNew Asa, SD 72062-5992",King PLC
301,14,Kenneth,Tremblay,"86891 Zieme Rue\nBradymouth, WA 62561",Adams Inc
302,1805,Kiley,Sipes,"098 Jesus Turnpike Suite 770\nPort Scottieport, _id 69776-1718",Dibbert-Krajcik
303,92412,Jaunita,Renner,"6824 Dillon Garden Suite 853\nLake Kenyon, IL 61019",Graham-Zemlak
304,413145,Fred,Lemke,"712 Kassulke Underpass\nYostfurt, SC 78724","King, Robel and Jones"
305,77385,Mohammad,Dooley,"47394 Lowe Cliff\nJastborough, VA 11461",Johnston Ltd
306,321110,Theresa,Jerde,"336 Sauer Unions Suite 197\nKavonfort, NE 95140-8633",Rippin-Emard
307,16814,Elmore,Murazik,"0346 Briana Cliff\nViolettebury, HI 59147",Sawayn and Sons
308,55,Soledad,Kerluke,"8532 Waino Coves Apt. 844\nLuciushaven, WV 28569","Towne, Schiller and Roberts"
309,89621849,Alexis,Rowe,"037 Kerluke Stream Apt. 810\nMcDermotthaven, CO 81153-9014",Kiehn Inc
310,52017,Athena,VonRueden,"16053 Rogahn Forge\nWilkinsons_ide, WV 06502-4210","Welch, Bode and Dicki"
311,3668880,Cleta,Willms,"8438 Champlin Summit Apt. 249\nNorth Modesta, DE 30626-4273",Ritchie-Prosacco
312,6231194,Max,DAmore,"2755 Otto Court\nWest Kaden, CT 40748",Stiedemann-Marquardt
313,57907314,Charlene,Schmitt,"526 Kunze Causeway Apt. 892\nArnaldoview, NM 57705-3674",Effertz-Pouros
314,6513,Iva,Barton,"978 Langosh Springs\nMurielville, PA 24174",Kunze LLC
315,304,Emmett,Heller,"78720 Emmie Viaduct\nNew Federicoland, OH 66300",Windler-Ankunding
316,788,Douglas,Schamberger,"96262 Destany Mountains Apt. 299\nSouth Brisafurt, LA 21969","Cummings, Mills and Kessler"
317,33086331,Mozelle,OConner,"59777 Schultz Shore\nWest Susanafort, KS 46268-5412",Bernhard-Grady
318,717162721,Concepcion,Donnelly,"80892 Nikolas Landing Suite 796\nAftonland, UT 10929",Stracke Group
319,634,Geraldine,Dibbert,"32790 Rowe Valley\nKeeleymouth, NJ 72834-6298",Kovacek PLC
320,8773,Hailee,Sporer,"5271 Coby Freeway\nPort Saraiberg, GA 60702",Maggio LLC
321,905,Hermann,Hagenes,"89898 Davion Mews\nSouth Elaina, AR 78802",Hackett Ltd
322,566360320,Wanda,Roob,"526 Russel Parks\nNew Adolfo, MA 08565",Lehner Ltd
323,13197,Marietta,OKon,"196 Huel Rap_id\nThompsonmouth, HI 76905-5667","Daugherty, Kovacek and Wintheiser"
324,82423118,Eriberto,OKon,"5147 Wolff R_idge Suite 248\nLake Noemi, NV 87592-8717",Lesch-Hintz
325,1741,Junior,Yundt,"936 Raynor Rap_ids\nWest Charlene, _id 46951",Shields-Klein
326,9195418,Cale,Hauck,"68496 Haag Parks Suite 109\nBernhardborough, IN 03260-7991",Lindgren-Bogan
327,75,Yadira,Flatley,"043 Donnie Crest Apt. 272\nLeschburgh, NH 30785",Robel-Thiel
328,88332353,Cand_ida,Feeney,"6616 Arnaldo Cliff Apt. 192\nWest Margefurt, CT 02262",Pollich-Dach
329,479,F_idel,Bins,"95832 Strosin Island Apt. 610\nNew Gaylordshire, NY 74614","Miller, Hand and Howe"
330,379,Jasmin,Kuphal,"8264 Fahey Gardens\nSouth Kylahaven, MD 09712-7460",Hessel-Pfannerstill
331,135759304,Ramiro,Waters,"25488 Nikolaus Pike\nHoegerland, NJ 63215-1879",Miller-Runolfsson
332,2340,Armando,Rohan,"1917 Thompson Bypass Suite 881\nLuisshire, CT 45195",Gutmann and Sons
333,29918,Rosanna,Boyle,"22703 Bahringer Junctions\nWhiteborough, SD 48910",Mosciski-Oberbrunner
334,144,Creola,Skiles,"702 Lesch Keys\nCronashire, VA 32953-1377","Rowe, Aufderhar and Treutel"
335,2154577,Princess,Stehr,"4506 Towne Shores Apt. 799\nNew Wilfordchester, OK 90472-2160","Rippin, Eichmann and Carroll"
336,80612502,Henderson,Crooks,"9181 Lang Inlet\nWest Kallieshire, MD 19066",Wilkinson-Smitham
337,2066,Ramona,Blick,"419 Rath Underpass Suite 490\nWest Soniachester, CT 51212",Abbott Inc
338,3912,Grayce,Kohler,"43529 Alexandro Ville Apt. 282\nPort Mireyastad, _id 78323-9814",Wilkinson PLC
339,232893010,Jettie,Johnston,"78371 Fadel Lakes Suite 225\nPort Gilda, MT 88174",Hoppe-Prohaska
340,518,Vivien,Thiel,"1226 Strosin Prairie Suite 521\nWest Brennon, WY 41742","McDermott, Purdy and Sawayn"
341,952998,Carole,Torphy,"19773 Abigale Spur\nTorpton, AZ 33822",Lueilwitz Ltd
342,325348,Bettye,Cronin,"583 Blick Forest\nRobertsport, VA 47675-6423",Reilly-Barton
343,81484,Chaz,Fadel,"4137 Tromp Mills Apt. 489\nPort Haileechester, NM 48992-5314",Shields Group
344,799,Casper,Adams,"45349 Braden Plaza Apt. 102\nLake Jewells_ide, CA 93333","Schowalter, Kuvalis and Ullrich"
345,24894,Robb,Schultz,"4655 Mercedes Motorway\nEast Karen, MI 25906-9856",Franecki Inc
346,702,Lelah,Sipes,"6804 Jarrod Plaza\nNew Aileens_ide, ND 38119","Auer, Ortiz and Sauer"
347,220836444,Evelyn,Stamm,"20513 King Manor Suite 456\nOtisfurt, TX 19775-1095",Haag-Will
348,885,Makayla,Murazik,"251 Stroman Track Apt. 822\nFisherville, KY 05175-5894",Schmitt PLC
349,927818,Bartholome,Bashirian,"598 Williamson Squares Apt. 705\nJolies_ide, LA 46189","Altenwerth, Moen and Leannon"
350,7301910,Winnifred,Hyatt,"609 Brakus Knoll Apt. 981\nNew Stefanshire, WI 25071","Yundt, Kshlerin and Huel"
351,45462860,Ubaldo,Swaniawski,"1814 Larson Landing\nLawrencestad, AK 21089-0271","Kovacek, Ondricka and Corwin"
352,863675792,Hanna,Reynolds,"889 Reichert Village Suite 870\nFlorinetown, CA 66324-9862","Jacobi, Conroy and Hilpert"
353,7798625,Schuyler,Kuhlman,"887 Tina Street Suite 930\nHe_idenreichmouth, CA 27484-9484",Hilpert-McGlynn
354,361683913,Daisha,Kris,"9888 Christina Dale Suite 289\nHarberstad, MA 71975-9717",Will-Lemke
355,22375021,Webster,Leuschke,"0464 Landen Underpass Suite 967\nSouth Hilda, MA 55700","Gaylord, Rolfson and McGlynn"
356,944,Allen,Kunde,"42249 Laurel Mall Suite 233\nWest Helgaview, WA 10602-0854",Pfeffer-Fahey
357,338,Cristobal,Swift,"071 Mauricio Rest\nPort Deondrefort, CT 55204-9837",Muller Group
358,231,Dovie,Hilpert,"41602 Pollich Roads Apt. 754\nPort Meaganfort, MI 30439",Roob Group
359,8796739,Keira,Mohr,"218 Ebert Rue\nSouth Erick, CA 42989-3306","Towne, Schuster and Legros"
360,57774319,Chauncey,Cassin,"031 Abelardo Road\nNorth Garfieldfort, NJ 13880-3685","McClure, Rice and Frami"
361,67545,Viva,Abbott,"0567 Emely Summit\nWest Yoshikoborough, NJ 96435-4481","Witting, Ullrich and Wilkinson"
362,363609,Orlo,Runolfsdottir,"229 Elta Garden\nZulaufchester, ME 24070",Hagenes-Daniel
363,174,Bruce,Tremblay,"40766 Meaghan Flats Apt. 191\nWest Robbiechester, KS 04477-3726",Cremin-Toy
364,981965,Jamaal,Frami,"885 McGlynn Station\nLincolnbury, MA 24971-1178","Adams, Rau and Abernathy"
365,8177,Leora,Emmerich,"72354 Murphy Course\nElbertstad, NV 99237-0030",Crona Group
366,43002436,Isai,Gleason,"74888 Emard Neck Suite 975\nMarkton, FL 66425-0029","Blanda, DAmore and VonRueden"
367,86267147,Harry,Hintz,"173 Waylon Mills Apt. 812\nSouth Paoloshire, RI 71308","Okuneva, Little and Brakus"
368,469368689,Ayla,Collins,"747 Ivy Trail\nQuigleyshire, ME 98123-0097","Metz, Wunsch and OKon"
369,577200480,Chance,Schiller,"66858 Auer Ford Apt. 585\nNorth Jettiefort, NE 82446-3802",Wehner Group
370,90963,Clovis,Schaefer,"95805 Kristoffer Prairie Apt. 412\nNorth Scarlett, LA 45838","Rutherford, Thiel and Walker"
371,86802247,Aurore,Mohr,"173 Dooley Cliffs Suite 115\nLindmouth, MD 88237","Eichmann, Windler and Wolf"
372,3657,Leonard,Durgan,"750 Jensen Fields Suite 936\nMaximilliaview, NV 81506-7308",Hermiston and Sons
373,463624693,Cathy,Emmerich,"670 Nienow Court\nHaleyburgh, SD 51626",Lakin-Schroeder
374,580157,Rosanna,Moore,"36287 Wilbert Circle\nNew Louisa, DE 83006-5883","Walter, Gaylord and Schmitt"
375,357699409,Aubree,Dach,"72335 Walker Forge Apt. 296\nCathrines_ide, CO 32498","Braun, Blanda and Connelly"
376,804,Lysanne,Hickle,"93166 Jones Mews\nWest Carlottas_ide, MT 76896",Erdman Group
377,469,Dorothy,Kilback,"4627 Wuckert Prairie\nKundes_ide, ME 34546","Schamberger, Goodwin and Windler"
378,3626,Myles,Dickens,"29119 Raphaelle Drives Suite 110\nDooleyton, AL 70093","Doyle, Spinka and Wilderman"
379,639234212,Tate,Beatty,"233 Wilma Cliff Suite 695\nGradyland, GA 12294-6712",Pacocha-Lang
380,79058680,Beau,Boyer,"12482 Douglas Loop\nJoneschester, AR 52655","Bechtelar, Schuppe and Stamm"
381,10186,Guy,Powlowski,"62982 Hegmann Cliff Apt. 063\nLake Reyburgh, MD 47851",McDermott and Sons
382,32862,Jeanette,Breitenberg,"7864 Eichmann Springs Suite 290\nLake Kane, IN 60568-5075","Bradtke, Walker and Goyette"
383,19096,Dulce,Kilback,"820 Lesch Locks\nLake Shannybury, KY 87852","Hauck, Lueilwitz and Dibbert"
384,5802523,Dagmar,Grady,"8947 Kennedy Loaf Suite 165\nEast Isabell, NE 95549-3083","Erdman, OHara and Ziemann"
385,56265,Hoyt,Sipes,"27967 Price Hollow Apt. 221\nRosenbaumchester, MD 30913-1078",Price Inc
386,26282,Jessica,Carter,"1982 Rutherford Squares\nEast Martin, UT 34686",Baumbach Group
387,80850,Yessenia,Prohaska,"5116 Lazaro Junction Suite 302\nPort Ramonborough, CT 90829","Gerlach, Bogisich and Little"
388,798951,Skyla,Bergnaum,"7941 Hyatt Plaza\nLake Pascale, ND 34912-1695",Veum-Pacocha
389,3063,Tod,OHara,"4215 Leonel Track\nBernierville, GA 01008-5192","Purdy, Gusikowski and Jast"
390,9747,Cathy,Vandervort,"9362 Marcelo Forges Suite 745\nNorth Kiel, CA 27949-4878",Hettinger-Ullrich
391,98204227,Queenie,Metz,"5228 Lang Underpass\nHirtheview, CO 14668","Lebsack, Davis and Mueller"
392,40764033,Brain,McKenzie,"49399 Kassulke Radial Suite 331\nNew Asha, AR 94174-0900","Keebler, White and Gorczany"
393,703046964,Christop,Schowalter,"7928 Lelia Corner Suite 678\nWymanstad, NJ 95843","Pagac, Hills and Walter"
394,1668,Cruz,Christiansen,"3297 Skiles Islands Suite 267\nLudieburgh, VT 43170-0863",Wolff PLC
395,7448,Rose,Schinner,"34816 Amparo Branch Suite 426\nGleasonberg, CT 99922-6122",Thompson Ltd
396,6895464,Ruby,Gislason,"4916 Kyra Hill\nJasperfort, TX 15800","Conroy, Gutmann and Sauer"
397,8220987,Jordan,Von,"55934 Shanahan Pike Suite 683\nGoodwinburgh, DC 12118-0349","Frami, Collier and Mraz"
398,21,Jazmyn,Schimmel,"41303 Sporer Walks Apt. 438\nNorth Elses_ide, WY 38745-3950",Bechtelar-Nolan
399,7924264,Terrance,Klocko,"01611 Timmy Knolls Apt. 138\nWalkershire, GA 97274-7433","Fisher, Pfannerstill and Kutch"
400,2926,Mertie,West,"4691 Freddie Port\nPort Berenice, GA 91603",Mosciski Ltd
401,559,Amanda,Cons_idine,"58132 Mayert Rap_ids\nIsabelbury, RI 25164-4375",Wehner and Sons
402,235520,Dudley,Bednar,"174 Kaylah Ports\nNorth Rosalynville, SC 54439-6871",Metz and Sons
403,9901,Adelia,Rolfson,"41239 Ashlee Park Apt. 030\nWeldons_ide, TX 17024-6335","Carroll, Reilly and Labadie"
404,8817,Mariano,Muller,"809 Romaine Glens Suite 050\nPort Rozella, MN 24815","Hansen, Fahey and Okuneva"
405,3552761,Mekhi,Aufderhar,"9631 Rosalyn Branch Apt. 112\nKuhichaven, OK 30145",Lebsack-Simonis
406,4658232,Trent,Stiedemann,"1484 Connelly Field\nTurnerton, SD 58949-6495",Huels-Cremin
407,21201,Shannon,Walker,"22276 Jaydon Alley\nGottliebstad, IL 76783-9388","Crona, Feil and Robel"
408,661,Donnell,Pollich,"6996 Linnie Vista Apt. 885\nEast Brant, NH 83434",DAmore-Emard
409,629502411,Curtis,Strosin,"7180 Mayra Shores Apt. 504\nNorth Stephanieton, DE 16163","Medhurst, Sipes and Hartmann"
410,66393,Aurelia,Hettinger,"194 Will Ports\nNorth Edberg, VT 33047",Schuster Group
411,71976589,Hailie,Blanda,"52299 Clyde Gateway Apt. 440\nLake Lisaland, DE 58182-4522","Wolff, Aufderhar and Schm_idt"
412,9431841,Matilda,Towne,"820 Howell Trail\nMedhurstshire, MS 61030",Ebert Group
413,283,Tara,Gutkowski,"78756 Reese Prairie Suite 595\nAgnesmouth, OR 88227-5716","Pacocha, Weber and Schaefer"
414,190691234,Alisa,Von,"53048 Bud Vista\nNew Alexaneborough, IN 35415-2105",Herzog-Hoeger
415,418,Antoinette,Mann,"214 Daugherty Valley\nAmelieshire, KY 57408",Wiegand PLC
416,824121,Lois,Volkman,"99757 Nienow Burg\nDantehaven, WI 62476-4790",Terry Inc
417,43303,Elna,Kihn,"03820 Skiles Lodge Suite 481\nWest Sandrineberg, VA 48781",Hyatt-Stanton
418,4046,Jeanne,Grady,"05707 Homenick Green Apt. 492\nKautzers_ide, WI 09089-8203",Mann-Frami
419,6604257,Lupe,Breitenberg,"6725 Reynolds Manors\nBraunborough, CT 69573",Kautzer-Koelpin
420,810404,Roselyn,Ward,"0271 Arjun Meadow\nLake Lincolnbury, MD 51033-8452",Rogahn Inc
421,745605076,Nora,Swift,"718 Jeremy Landing Apt. 952\nWest Natashafurt, AL 35788",Hodkiewicz-Fahey
422,610,Daryl,Barton,"163 Dominique Rue\nHarmonmouth, NV 02468",Halvorson-Upton
423,248,Reanna,Hessel,"9179 Freeman Drives Suite 987\nSouth Adelle, PA 54277",Terry LLC
424,21388134,Berneice,Langosh,"16778 Hilll Vista\nBrandofurt, MT 86811",Parisian-Collier
425,46960,Nelle,Connelly,"4343 Senger Ways\nNew Eulalia, NC 11576-1442",Langworth-Schuppe
426,934504264,Libbie,OKeefe,"2326 Delpha Rest Suite 684\nWest Timothy, IL 18387","Boyle, Boyer and Luettgen"
427,934661,Gregorio,Howe,"143 Zion Islands Apt. 654\nNorth Lisette, NH 96719",Hane-Crist
428,62016912,Cass_idy,Gerlach,"958 Johnston Dale Apt. 540\nCareybury, CO 06893-3414",Bayer LLC
429,559234,Janelle,Toy,"6694 Jacques Circles\nLake Delphiashire, VT 38779-7437",Hessel Ltd
430,93233253,Renee,Bednar,"479 Grant Center Suite 306\nNorth Leoniestad, DC 53733-8065",Hackett and Sons
431,63938031,Gabriella,Reichert,"0792 Treutel Underpass\nSouth Franz, DE 06246","Botsford, Hilpert and Barton"
432,6191,Virginia,Beer,"715 Sawayn Forest\nWest Meghan, CA 34345",Rowe-Kihn
433,12160,Alycia,Stehr,"87815 Sarai Tunnel\nPenelopemouth, WV 35771",Parker Inc
434,457,Warren,Legros,"9825 Louisa Crossroad\nBrakusville, MT 29103-8155","White, Jacobs and Torp"
435,582691,Katrina,McCullough,"666 Kunde Road Apt. 739\nNorth Crystel, PA 76631-2437","McCullough, Kulas and Lockman"
436,39005590,Josiah,Cruickshank,"0485 He_idenreich Tunnel\nLake Francesca, TX 37687","Haley, Hegmann and Mertz"
437,20,Arielle,Kertzmann,"565 Olson Dale\nSchowalterhaven, NM 87782","Osinski, Beahan and Walsh"
438,92116809,Dagmar,Sawayn,"794 Smith Neck Apt. 314\nShanahanburgh, CA 20477",Boehm-Fay
439,863,Amber,Williamson,"188 Predovic Trail\nPort Katelynn, MO 66031-0025",Hessel LLC
440,193600,Lou,Lynch,"1921 Bartell Manor Apt. 151\nKertzmannfurt, NM 83596",Senger and Sons
441,887,Alf,Mosciski,"91729 Jovani Estate Suite 137\nLake Santina, SD 30165","Keeling, Balistreri and Heller"
442,7995,Adolf,Russel,"86061 Dickinson Motorway Suite 483\nSonyaborough, _id 50009",Gleichner Ltd
443,685345849,Mabelle,Bode,"434 Von Well Apt. 030\nSheldonfort, GA 36703",Keeling-Goodwin
444,336041294,Geraldine,Abernathy,"9217 Donato Road\nAlexanderview, VA 71472",Wilkinson-Fahey
445,1143,Jeff,Reichert,"920 Pacocha Road\nSouth Einoland, MA 47869",Hirthe Ltd
446,104,Berneice,Hodkiewicz,"245 Alberta Meadows Apt. 125\nGeomouth, AK 15810",Fisher-Rutherford
447,159,Lauretta,Hamill,"24207 Sasha Br_idge Apt. 624\nJeffreys_ide, MT 18930",Sauer Ltd
448,66361,Theresa,Buckr_idge,"99158 Altenwerth Hills Apt. 193\nKlockoberg, FL 79223-1590",Cassin-Cassin
449,891005,Sylvia,Deckow,"07232 Isadore Lodge\nEast Mittieland, IL 36765",Shanahan-Abbott
450,1354467,Edna,Gislason,"725 Nettie Neck\nEast Vivian, OK 63695-3331","Carter, Moore and Sawayn"
451,32996,Lela,Olson,"395 Deanna Islands Suite 616\nDorthyhaven, CA 57946-9666","Ruecker, Zulauf and Gleichner"
452,2216,Jovany,Will,"00044 Zakary Gardens\nUrielberg, NJ 36013",Metz PLC
453,79,Ari,Quigley,"96671 Gwen Spurs Suite 723\nMetzshire, MT 85776",Sipes-Goldner
454,903,Angel,Weissnat,"34220 Ford Prairie\nEast Deontae, IN 42882-6346","Ward, Boyer and Baumbach"
455,756553515,Kendra,Kling,"17291 Yundt Key Apt. 074\nWest Bertaborough, NJ 21633",Beahan Inc
456,146,Eusebio,Hammes,"4528 Becker Expressway\nPort Brennanbury, OH 59746",Kassulke-Cruickshank
457,754906,Dora,Ratke,"82916 Turner Ports\nReinholdberg, FL 26741-2927",Sporer LLC
458,42053,Dedric,Collins,"7105 Swift Prairie Apt. 768\nNew Adolphus, NC 27510-1660",He_idenreich-Crist
459,78,Juston,Cruickshank,"18545 Noemie Ville\nDelaneyshire, AK 30196-4870",Kohler-Hammes
460,49,Claudie,Murazik,"399 Bode Islands Apt. 271\nNorth Marjorybury, CA 97305-4058",Stehr-Hessel
526,45559770,Kaycee,Wolff,"71262 Toy Tunnel\nLindgrenberg, MA 53998",Jacobson LLC
461,56401772,Reuben,Harris,"87533 Camron Junctions Suite 210\nAbbottville, HI 17212-8541","Stracke, Bogisich and Emard"
462,25380,Cynthia,Ritchie,"70887 Bahringer View Apt. 687\nLake Nettie, MN 62094-7309","Ryan, Tromp and Boyer"
463,824,Jalyn,Zulauf,"633 Judah Turnpike\nKamrynland, NE 27015","Nolan, Kessler and Hand"
464,95,Judson,Jaskolski,"89317 Kelly Lodge Apt. 202\nWiegandtown, MD 51505-5346",Bernier-Boyer
465,904147970,Meghan,Morar,"9505 Casper Trail Apt. 943\nPort Stephanmouth, _id 29759-3782","Schuster, Quigley and Luettgen"
466,23,Uriel,Prosacco,"51061 Mustafa Parkways Apt. 174\nMauriceborough, WV 16231-4442",Little and Sons
467,8789,Curtis,Bahringer,"13617 Mante Fort Suite 596\nWelchfurt, MO 76866",Rath Ltd
468,19345,Jalon,Shields,"885 Hammes Lane\nClareborough, SC 09748-6143",Lemke LLC
469,626854,Alexandria,Dicki,"27740 Hettinger Extensions\nJohathanview, DC 42862","Powlowski, Welch and Ziemann"
470,816185317,Roma,Kuhic,"3382 A_ida Drive\nEast Graysonview, VT 45110",Altenwerth Group
471,2656058,Judah,Ortiz,"3283 Katrina Vista\nBergeburgh, VT 06710","Hessel, Carter and Zieme"
472,3165,Darrin,Weber,"9099 Morissette Tunnel Apt. 209\nSimonisfurt, IN 75020",Hermann Group
473,88003560,Angelita,Koch,"9358 Brakus Haven Apt. 527\nNew Briantown, ME 55610-1469",Barton-Skiles
474,3089,Frances,Greenholt,"978 Lilly Lane\nZemlaktown, WV 30707-9717",Bogan-Robel
475,167844,Niko,Johnston,"84271 Aurelie Freeway Suite 669\nKaratown, CA 78870-3326",Price-Wolff
476,10,Chaz,Frami,"655 Ward Dam\nLake Ollieport, WV 12711","Jerde, McLaughlin and Zieme"
477,33,Adrianna,Barrows,"043 Morar Court\nRolfsonland, _id 55180",Kerluke-Stoltenberg
478,66795,Rubie,Abbott,"40356 Jacobs Flat Apt. 142\nFunkchester, KS 08031-8826","Barrows, Jaskolski and McDermott"
479,2165,Patience,Stehr,"04982 Schuppe Road\nJakubowskis_ide, GA 05869-5160","Dickens, Donnelly and Swift"
480,8016952,Tony,Collier,"611 Leland Terrace Suite 095\nEast Florinefurt, AL 19573-7571",Greenfelder-Block
481,80030,Magnus,Ernser,"3447 Myrna Island\nV_idals_ide, AL 52126",Lueilwitz Group
482,2736,Alvis,Casper,"9147 Gutmann Spurs Suite 631\nRennerberg, NY 04721-5857",Weissnat-Harvey
483,852235,Mateo,Leffler,"87043 Esther Roads\nNorth Alexandria, UT 34378-9112","Graham, Hamill and Wyman"
484,42497,Milford,Rodriguez,"8089 Macejkovic Tunnel Suite 161\nPort Tinafort, CT 19485","Lind, White and Rau"
485,608460557,Betty,Cronin,"8291 Keebler Turnpike Suite 758\nPort Arjun, PA 49550-9501","Bogisich, Treutel and Walter"
486,978,Hayley,Herzog,"4773 Mittie Underpass\nWest Is_idrobury, OR 48106","Cronin, Smitham and Franecki"
487,960451449,Britney,Schamberger,"84056 Maggio Station Apt. 007\nBretttown, MA 99304","Jones, Zemlak and Herman"
488,535,Grace,Hoeger,"56526 Mosciski Dam Suite 942\nWest Zolaton, ND 45681-5398","Leffler, Jones and Marks"
489,205379764,Reece,Olson,"13941 Octavia Mission\nSouth Sharon, KY 15797",Barton-Bruen
490,877181,Dorris,Heaney,"30774 Valentina Island Suite 046\nDawsonhaven, TX 31649","Miller, Kerluke and Greenfelder"
491,52059446,Kaia,Schaden,"2388 Carolyn Park Suite 682\nLupes_ide, UT 11729-9832",Walker-DAmore
492,36,Damaris,Stehr,"786 Hyatt Burgs Apt. 500\nWest Alicia, UT 14985",Ullrich-Dibbert
493,28469,Annamae,Buckr_idge,"595 Schumm Meadow\nPort Sagechester, CA 65875-8135",Littel Ltd
494,1766,Katheryn,Hyatt,"0604 Catherine Turnpike Suite 137\nNorth Antonetta, OR 12836-8609","Willms, Eichmann and Robel"
495,453,Tracey,Pacocha,"084 Oberbrunner Track Apt. 727\nJoneston, TX 46366-3961","Cartwright, Hilpert and Zulauf"
496,2888998,Keara,Bosco,"93313 Erica Heights Apt. 843\nHilpertton, RI 48629-5823",Veum-Gorczany
497,767,Glennie,Kerluke,"316 Morar Shoals Apt. 053\nCamrynbury, WI 47036","Smith, Block and Padberg"
498,372417313,Estefania,Beatty,"1862 Herman Fields Suite 932\nSavanahchester, TN 92654",Lemke LLC
499,9954,Waylon,Cummings,"8255 Millie Lodge Apt. 149\nRoxanneview, TN 94749-4129","McKenzie, Kautzer and Ebert"
500,24558113,Julia,Botsford,"91298 Landen Radial Suite 866\nDavintown, OR 45056","Ryan, Johns and Wolff"
501,6531,Johnathan,Batz,"20159 Lacy Ville Apt. 386\nWest Tomas, KS 35635-4344",Bode-Schuppe
502,50684,Daisy,Heathcote,"4196 Daisha Pass\nEast Sheldon, NM 46123-9264","Friesen, Hodkiewicz and OKeefe"
503,68294,Dianna,Sanford,"1608 OHara Dam Apt. 305\nEast Mary, SD 92093",Koch-Pollich
504,327472208,Ocie,Witting,"5241 Effertz Path\nSchinnerville, MO 47715-3094",Schne_ider Ltd
505,3377425,Dylan,Erdman,"35400 Powlowski Trafficway Apt. 054\nRusselmouth, WI 26070-0109",King Group
506,804159,Johnathon,Emmerich,"293 Raven Harbor\nElfriedafurt, IA 88303-1462",Miller-Conroy
507,17890,Dannie,Crooks,"197 Daisy Island\nMercedesville, NE 77020",Roberts LLC
508,205,Ocie,Orn,"449 Marks Roads Apt. 370\nLake Sophia, OH 23825","Erdman, Brekke and Gleichner"
509,5944061,Shaylee,Fritsch,"17876 Smith Fall\nWilhelmberg, OH 26436-9934",Barrows-Wisozk
510,911956556,Janiya,Moen,"47183 Ryan Mountains\nWest Lauramouth, MN 01997-4095","Huel, Douglas and Schuppe"
511,12520,Wilhelmine,Boyle,"986 Fritsch Bypass\nFarrellberg, DC 99794","Champlin, Labadie and Stanton"
512,62834,Cortney,Altenwerth,"26270 Norwood Hills Apt. 482\nWintheiserberg, DC 93879",Weissnat LLC
513,34736471,Esteban,Robel,"24828 Zieme Key Suite 625\nLangoshhaven, ND 14460-9187",Raynor-Mosciski
514,713752,Judge,Schaefer,"754 Emard Branch\nDeckowton, MS 11029",Casper-Pagac
515,91942285,Kenna,Ziemann,"43408 Block Meadow Suite 051\nRennerland, OH 53542-1220",Hermiston Ltd
516,34420491,Stephania,Reynolds,"483 Raynor Route Suite 192\nPort Adolfoview, GA 06204","Cremin, OConner and Murray"
517,65214,Sage,Bechtelar,"759 Williamson Shores\nNorth Adella, WV 95152-8603",Graham-Gottlieb
518,609,Mellie,Roob,"733 Hartmann Lock\nLorainehaven, MT 45566",Windler Inc
519,335370401,Jeffery,Skiles,"395 Wyatt Fort\nNorth Emmittmouth, IN 12608",Flatley-Pacocha
520,19667789,Zaria,Moore,"490 Satterfield Valley Suite 866\nSouth Kelvinville, DE 20130",Stiedemann PLC
521,65350535,Lisandro,Borer,"21737 Rau Fields\nLake Delphamouth, IA 27536",Feil Inc
522,780,Lourdes,Schroeder,"98880 Alia Crossroad\nNew Dakota, UT 10257-7697",Crona-Price
523,290953,Vito,Luettgen,"2552 Pablo Vista Apt. 621\nJohnnychester, OK 16899","Vandervort, Abernathy and Lebsack"
524,736,Pasquale,Schuster,"11301 Weissnat Haven\nNew Royce, AK 15413",Dibbert and Sons
525,37983,Juwan,Doyle,"8747 Desiree Stream Apt. 045\nBruenhaven, IA 35354-2431",Murazik PLC
527,41,Jadon,Lueilwitz,"3686 Hand Manors Apt. 348\nWest Lincoln, DC 06849-5932",Morar PLC
528,2243267,Makayla,Brown,"318 Romaguera Estates\nMattieport, MO 13412",Gutkowski Ltd
529,30527,Antwon,Mueller,"261 Gutmann Shores\nJodieshire, KY 88626",Weber-Schumm
530,96,Kathryn,Bashirian,"4998 Jones Path\nSouth Gretaton, NJ 26766-2883",Huels-Spencer
531,2811751,Maureen,Green,"514 Sienna Alley Apt. 955\nOberbrunnertown, MD 57526",Kohler-Deckow
532,32,Leila,Lebsack,"37064 Monahan Stream Suite 215\nKundeport, WI 40382-9959",Fritsch Group
533,25,Susan,Murphy,"689 Prosacco Stravenue\nMacyview, CA 98478-3547","Hagenes, Tillman and Wunsch"
534,552,Richie,Hessel,"20071 Ryan Orchard\nAgustinport, OK 68289-9268",Ratke-Heller
535,98355392,Beryl,Block,"3262 Jannie Stream\nDachton, MT 15965-4764","Ankunding, Dietrich and Nolan"
536,9964165,Eldred,Reilly,"919 Okuneva Neck Apt. 054\nCarolannehaven, NC 14641-2322","Blanda, Grant and Herman"
537,9971806,Edmund,Roob,"723 Newell Centers Apt. 420\nNew Valentina, OR 61431",Thompson Inc
538,9409937,Lacey,Ziemann,"58682 Mosciski Fall\nHudsonton, ME 72409","Kassulke, Gusikowski and Beier"
539,40364,Sonny,Turcotte,"29904 Odie Forest Suite 388\nDouglasview, WY 94543",Hessel LLC
540,37365375,Laurie,Ward,"596 Gottlieb R_idge\nMcCulloughton, IA 91753","Veum, Schmitt and Cormier"
541,30663,Jaleel,Larkin,"6852 Leonor Manor\nNorbertton, WV 03293-4262",Tromp-Smith
542,506199490,Frieda,Tremblay,"697 Tierra Trace\nNorth Alva, VA 63522-2979","Hermiston, Kilback and Erdman"
543,711,Teresa,Howe,"17707 Stokes Park\nNorth Trudiestad, GA 26989",Ziemann Inc
544,35548,Kip,Langworth,"552 Janae Creek Apt. 914\nPort Ameliaview, MA 66408",Tremblay-Boyer
545,70113907,Carey,Grimes,"2210 Amos Islands Apt. 490\nSouth Payton, DE 33644","Hessel, Quigley and Wiegand"
546,93537,Leora,Dooley,"09082 Upton Shores Suite 512\nNorth Alexandria, OK 75610",Hand Inc
547,74691077,Fritz,Dickens,"3622 Maurine Squares Apt. 679\nNew Cieloton, VA 49665",Lind-Boehm
548,348,Einar,Wintheiser,"66468 Brakus Mountains\nLuzborough, WI 64847-0170",Friesen Inc
549,73449,Asha,Graham,"2318 Jerde Village\nLake Garrettborough, IN 98631","Wyman, Kuvalis and Schroeder"
550,84789,Donavon,Swift,"956 Nelle Hills\nMitchellhaven, AZ 24244-0261",Schne_ider-Hartmann
551,79361,Brandon,Labadie,"888 Kristin Keys\nNew Holden, FL 68937","Kuphal, Fritsch and Ritchie"
552,500261,Tre,Wunsch,"169 Jena Ville Apt. 871\nNorth Rickiemouth, TX 79649-4687",Donnelly-Wilkinson
553,89483895,Michale,Torphy,"233 Jeanette Lodge Suite 846\nLake Jaclyn, NH 65356-5358",Pfeffer-Medhurst
554,92887,Monty,Harvey,"41901 Kirk Cliff Suite 369\nGordonport, MO 33005",Legros-Fahey
555,9041,Oda,Vandervort,"858 Schiller Motorway\nLake Clementina, MS 16517-3406",Halvorson and Sons
556,17634522,Shakira,Stark,"02604 Sydnie Islands\nSouth Deionmouth, WV 88315-7503",Greenholt-Labadie
557,329562,Era,Tromp,"417 Willow Road Apt. 537\nNew Flossieberg, AZ 73768","Hudson, Ruecker and Ullrich"
558,4710,Jamie,Friesen,"02863 Kenton Hollow Apt. 760\nMurphyfort, WA 60846-5282",Littel Inc
559,59486,Hosea,Kris,"93048 Rowan Ports Suite 389\nWest Myra, NV 10778","Kihn, Metz and Miller"
560,5351677,Jamie,Rau,"6472 Maud Shoal\nWest Demarcoton, WY 17628-0429","Marks, Halvorson and Zboncak"
561,31,Patsy,Wiegand,"80274 Norwood Ville Apt. 339\nAhmadton, ME 99617",Abbott and Sons
562,30753,Ernestina,Wisozk,"700 Maggio Light Suite 165\nEleanoretown, RI 05572-9858",Cormier LLC
563,4922471,Anabel,Breitenberg,"63954 Runte Port Suite 901\nMaiamouth, _id 37588",Koelpin Ltd
564,19963,Pasquale,Bashirian,"439 Keaton Mission\nGilbertstad, IL 52753-5968",Jakubowski Group
565,15081,Karolann,Blanda,"321 Hahn Knoll Apt. 509\nEast Ima, AK 17111-6544","Hand, Feil and Pollich"
566,5533315,Matilda,Gutmann,"50751 Weimann Views\nNorth Ikemouth, MA 27463",Kunze Ltd
567,67673,Tremayne,Quigley,"4159 Chelsie Fords\nTomshire, PA 24530-2329","Lockman, Quigley and Bradtke"
568,61195439,Tyra,Erdman,"634 Schmeler Cape Suite 611\nLake Sammiehaven, FL 91757-7654",Effertz-Pollich
569,9044,Hailey,Hamill,"98226 Cory Turnpike Apt. 313\nLake Wileyshire, IN 37183-9654",Bradtke-Cormier
570,193084,Ismael,Bahringer,"90482 Margarete Centers\nMelisaburgh, ND 67733-2579",Miller Group
571,51514,Percival,Effertz,"59751 Jamel Junctions\nHauckburgh, SC 38443-2189","Stracke, Wolf and Johnston"
572,243614,Braulio,Reinger,"153 Imogene Shoal\nWest Roxannefort, CT 19880-2419",Fahey Group
573,62559017,Melissa,McKenzie,"4819 Helen Parkway Apt. 473\nJosefinastad, KY 91483-4920",Schroeder-Dooley
574,70,Schuyler,Mitchell,"221 Johnston Via Apt. 168\nReingermouth, KY 64851-1691",Cormier LLC
575,416121,Winona,Jakubowski,"955 Steuber Crossroad\nLake Mariamland, HI 88251-3402","Ruecker, Crist and Wiegand"
576,16,Eldon,Kessler,"487 Wiley Cliffs Apt. 185\nLake Rosannaburgh, UT 90331-2447",Lockman Group
577,79489553,Antonina,Christiansen,"696 Haleigh Mall Apt. 987\nMontyberg, CT 52590-3612",Orn LLC
578,5432,Madyson,Kerluke,"076 Emil Circle\nLake Theodoreberg, HI 53613-0902","Ebert, OHara and Goodwin"
579,8769062,Monte,Schoen,"5289 Olin Freeway Apt. 907\nWest Karianne, SD 23730-9601",Wuckert PLC
580,47,Priscilla,Feeney,"44515 Windler Rue Suite 405\nSouth Olenshire, OK 00154",Pfannerstill Group
581,7694,Tierra,Denesik,"5417 Gerald Islands Suite 879\nSteuberfort, MI 77140-0679",Yost Ltd
582,4423,Jaleel,Cartwright,"002 Lane Park\nNew Mathilde, NE 42048-7801",Koepp-Swaniawski
583,7475322,Kirstin,Hettinger,"845 Nathaniel Mount Apt. 373\nWest Tiaraton, MA 89103",Abshire LLC
584,5045,Marlon,Sawayn,"970 Cassandre Landing\nLake Randalls_ide, WI 43361-0022",Osinski LLC
585,278,Sherwood,Harris,"6796 Stroman Court Apt. 879\nDenesikbury, KY 72179",Gorczany Inc
586,35,Elaina,Douglas,"4433 Connelly Lodge Apt. 099\nShanahanbury, IL 66247","Dooley, Osinski and Koelpin"
587,92935563,Kathryne,VonRueden,"87742 Mayer Motorway Apt. 449\nRessieshire, IA 87006-3748","Donnelly, Cronin and Breitenberg"
588,5633,Ashleigh,Buckr_idge,"9288 Dooley Burgs Apt. 712\nLake Jared, IN 43148",Cassin Inc
589,17816994,Jovanny,Rath,"8359 Hagenes Square\nGusikowskifort, WA 77902",Berge PLC
590,618092,Hobart,McKenzie,"24105 Heloise Ferry\nKesslerfurt, IN 98895-3018",Senger PLC
591,870013,Mose,Bechtelar,"97479 Urban Vista Apt. 095\nColbyshire, MI 22590",Pfeffer Inc
592,4702362,Jerrell,Will,"5870 Marjorie Summit Apt. 556\nBechtelarland, IL 94037-3572","Ondricka, Dach and Rice"
593,3211,Phoebe,Reichert,"32879 Graham Courts\nWest Nilsville, NM 23894",Feeney LLC
594,497813385,Zetta,Daniel,"5607 Macy Circle Apt. 791\nWest Verner, TN 44600","Klein, Berge and Konopelski"
595,30742,Elisa,Witting,"9419 Bogisich Corners\nParisiantown, _id 63911-7908","Monahan, Padberg and Bartoletti"
596,217374686,Annette,Jones,"38645 Reinger Villages Apt. 551\nAnaiss_ide, NC 89460",Schulist Group
597,9274886,Abel,Schumm,"21953 Nolan Estate\nEast Priscillaton, IN 84341-8682",Gibson Group
598,9278370,Brendan,Davis,"217 Koss Motorway Suite 908\nPort Pinkshire, CO 22399",Cummings PLC
599,205440648,Tania,Crist,"97090 Sauer Hollow\nWaelchitown, TX 72943-6913","Kozey, Kris and Lockman"
600,28,Cody,Lemke,"1074 Jerrold Port Suite 913\nNew Svenhaven, WI 73831-3664",Boyle-McDermott
601,14617,Emiliano,Ratke,"60920 Moriah Square\nLake Carleefurt, NV 70582-0013",McCullough Group
602,731187,Celine,Hermann,"5842 Kozey Rue Apt. 033\nStoltenbergshire, ND 09447-7390",VonRueden-Adams
603,692732,Eldr_idge,Bergnaum,"8711 Molly Underpass\nWest Kieranbury, ND 26745",Nikolaus-Ledner
604,44825,Maurice,Smith,"32730 Roosevelt Flats Apt. 416\nEast Francoport, ND 50165-2679","Cruickshank, Brown and Strosin"
605,653405,Terry,Bailey,"190 Rosella Plains Suite 306\nNathanielfurt, AZ 41004","Berge, Miller and Hickle"
606,710,General,Olson,"799 Herman Stream Suite 480\nWest Maymiestad, MO 60965-1845",Romaguera-Berge
607,388,Hilda,Hane,"2311 Hodkiewicz Causeway\nSouth Alethaborough, SD 13614-2647",Murazik and Sons
608,5765,Matteo,Beier,"919 Talia Keys Suite 179\nHaags_ide, RI 05889",Denesik and Sons
609,965,Kayli,Hagenes,"6241 Destini Rue Suite 542\nEarnestfort, GA 63988","Schaefer, Halvorson and Mitchell"
610,6050545,Magdalen,West,"44982 Ramona Isle\nWest Sonia, WI 98203-1816",Huels Ltd
611,314,Natalia,Carter,"06170 Danyka Plains\nNorth Kalehaven, CA 93976","Gislason, Bogisich and Paucek"
612,639,Billie,Brown,"703 Carson Stravenue Apt. 163\nCruickshanks_ide, VA 95251-6375",Jerde Group
613,35043,Joy,Boyer,"3138 Edgar Crossroad Suite 743\nNew Opal, MN 56482-5037",Hansen PLC
614,3625,Bud,Jerde,"22999 Amy Lodge\nShaunhaven, OK 73816",Raynor-Cartwright
615,6273948,Gloria,Gaylord,"434 Franecki Parkways\nGusikowskiberg, DE 32421","Romaguera, Grimes and Turcotte"
616,76280687,Alejandrin,Kreiger,"0844 Ayden Terrace\nKerluketown, CO 59067-2901",Luettgen Group
617,6961035,Garett,Bayer,"6394 Luettgen Drive Suite 454\nJeromyport, IL 62348-7867",Gorczany Group
618,61,Maggie,Bernier,"11439 Ward Harbors\nWest Alva, ND 58893-2545",Gulgowski-Beier
619,61197,Angelita,Herzog,"24879 Bradtke Club Apt. 047\nWest Ernestoview, GA 92611-3810",Torphy Ltd
620,5940,Tracey,Turcotte,"896 Lemuel Green Suite 737\nMacejkovicfurt, KS 08812","Gleason, Wolf and Dare"
621,4435663,Judd,McClure,"88152 Paolo Shore\nSouth Tiafort, OH 21928-1374","Walker, Keebler and Walter"
622,719,Dandre,Satterfield,"39109 DAmore Harbors Apt. 362\nMarcosbury, MT 99788-2437","Green, OKeefe and Watsica"
623,775,Lupe,Blanda,"8534 Crona Mills Apt. 169\nHartmannshire, SC 49476-2738",Schaefer-Nitzsche
624,7829900,Marcellus,Thiel,"3047 Barrows Forge\nFlavioborough, IN 90408",Rowe-Lockman
625,972,Osbaldo,Botsford,"09790 Marisol Harbors Suite 209\nRathchester, PA 53464-3675",Nitzsche LLC
626,66,Enrique,Johnston,"8932 Odell Trafficway Apt. 266\nSouth Gillian, LA 62997-1703",Shields Group
627,671327,Percival,Mann,"127 Thompson Roads\nNorth Walton, WV 16161-8769","Fadel, Wilkinson and Turner"
628,4451594,Ardith,Torphy,"47533 Tess Common\nLake Daishaberg, MS 19419",Reynolds-Jerde
629,36994042,Sarah,Streich,"865 Alysha Hill\nWest Cathrineland, HI 64114",Bernier-Jerde
630,717288676,Tiara,Ankunding,"1104 Stroman Courts Apt. 039\nKertzmannville, MD 79532",Little Group
631,42513191,Barney,Funk,"41318 Torrey Trace Suite 097\nDarians_ide, VA 03035",Reichert-Kunde
632,45567035,Connor,Reichel,"0362 Riley Common Suite 497\nKuhlmanmouth, DE 90421",Haag-Lowe
633,27644,Henriette,Okuneva,"99908 Nettie Walks\nMillsshire, AZ 09776",Schaden-Witting
634,68,Nico,Sporer,"944 Avis Knoll\nNoemifort, TN 14426-5008",Satterfield-Legros
635,4341,Laney,Koepp,"817 Mraz Turnpike\nMayerport, NV 41951","Smith, Auer and Bergstrom"
636,93924997,Kim,Swaniawski,"976 Rosina Meadows\nPort Teagan, VT 41246-0495",Hoppe-Greenfelder
637,72,Davion,Pfeffer,"86922 Violet Tunnel Suite 330\nBayleetown, WV 57467",Buckr_idge-Hoeger
638,9715,Andre,Connelly,"2035 Miller Mountain Apt. 619\nRachaelshire, IL 74521","Hettinger, Kovacek and Beatty"
639,481983,Ella,Schne_ider,"83857 Jast Row\nEast Norbertfurt, PA 07031-2341",Okuneva-Robel
640,862020852,Antonina,Ferry,"25885 Elna Street Suite 884\nElianes_ide, LA 14845-7309","Reichel, Schaden and Will"
641,106,Price,Kirlin,"7650 Astr_id Rap_ids Apt. 513\nNewtonchester, OK 18522-0135","Padberg, Lubowitz and Lang"
642,7851427,Ransom,Littel,"64536 Harley Junctions\nOKeefetown, TX 65753-2356",Berge-Gorczany
643,49220918,Ambrose,Rogahn,"5113 Schm_idt Falls Suite 799\nNew Macifurt, AL 86729-5322","Koepp, Jones and King"
644,9376242,Zackary,Quigley,"93773 Yost Run Suite 668\nNorth Zachariahland, NJ 78384-7159","Klocko, Wintheiser and Hettinger"
645,911,Claudia,Mann,"76234 April Plains\nWest Johnathans_ide, OH 60452-6962","Greenholt, Ebert and Herman"
646,446,Noelia,Okuneva,"353 Lynch R_idge Apt. 318\nAltenwerthfort, UT 82687-3169",Reichel-Purdy
647,160211,Dejuan,Lesch,"562 Bosco Walk\nHomenickhaven, NY 07194-8238",Kling-Bailey
648,132,Bethel,Jones,"91258 Ondricka Unions\nNorth Nehashire, RI 16070-2004",Hilpert-Crooks
649,209621989,Imani,Mayert,"2203 Langosh Brooks Suite 383\nParisians_ide, VT 45295-3322","Feeney, Kshlerin and Schm_idt"
650,5635131,Norene,Kemmer,"7951 Faustino Trail\nNorth Josue, SC 30176",Jones Ltd
651,7316,Paul,Leffler,"913 Blaise Ramp\nPort Tamiastad, MT 32062-4523",Cormier Ltd
652,995768660,Shaina,Russel,"3022 Bashirian Center\nDerrickbury, LA 31872-1485","Mraz, Jast and Hodkiewicz"
653,9354,Jarred,Doyle,"3641 Leannon Pine Suite 028\nNorth Minervatown, SD 11060-8118",Jerde and Sons
654,721668,Arnaldo,Berge,"2437 Cartwright Views\nBorerburgh, LA 42741-0323","Grimes, Abernathy and Pouros"
655,936475,Ross,Abernathy,"1598 Kaycee Locks Suite 021\nNorth Olenborough, _id 29904",Hyatt PLC
656,9062110,Westley,Lindgren,"0984 Stracke Pass Apt. 351\nNorth Meghanborough, FL 33857","Shields, Armstrong and Pagac"
657,724203889,Carol,Sawayn,"586 Hessel Port\nMayertburgh, KS 25995","Hoppe, Kunde and Kuhic"
658,9859852,Orlando,Langosh,"89054 Rosanna Views\nEstellachester, NY 24049-0802",Rau Ltd
659,709,Kristian,Willms,"4032 Edgardo Hill Apt. 364\nSouth Abdulton, NE 73804-0591",Strosin Group
660,91578093,Chloe,Denesik,"1504 Willie Inlet Apt. 430\nNorth Jeremie, AK 04811",Huel-Hartmann
661,467859,Jacques,Spinka,"6242 Feil Row\nKutchstad, OR 74100-2917","Block, Pagac and OHara"
662,4803,Norma,DuBuque,"520 Zieme Mission Suite 161\nFaefort, IL 33865",Cole-Bartell
663,629,Jerrell,Dickens,"88944 Koby Branch\nHirtheborough, TN 34508","Lakin, Homenick and Mills"
664,92,Edyth,Jakubowski,"88211 Mann Meadows Suite 370\nAufderharmouth, AR 58653",Wilderman-Walter
665,8689926,Jacey,Bins,"98081 Douglas Corners Apt. 209\nBinsmouth, AK 24519-8813",Block-Beahan
666,26239117,Jolie,Lebsack,"5060 Effertz Stream Suite 773\nNorth Joanyville, MN 60880-3189",Rippin-Mann
667,392,Krystel,Bernier,"010 Grimes Ville\nSouth Orrinfurt, UT 59118-1877","Dooley, Hagenes and Macejkovic"
668,792618,Alessia,Conroy,"220 Sally Center Apt. 991\nLake Wilbert, OH 17423",Feest and Sons
669,534918411,Lucinda,Torp,"4628 Kling Plain\nVolkmanmouth, OK 54180","Hills, Greenfelder and Walter"
670,4483538,Jamir,Ziemann,"136 Collins Ports\nMaritzaton, NH 20469",Emard Inc
671,43471579,Lizeth,Prosacco,"29784 Botsford Field\nSouth Karianne, IA 21853",OConner-Stiedemann
672,627879,Vicky,Huels,"473 Fahey Cliff\nSouth Federicomouth, CO 81958",Auer Inc
673,310604745,V_ida,Cons_idine,"428 Ritchie Stream\nNorth Roslyn, WI 03660-9469","Hackett, Bechtelar and Gaylord"
674,7922962,Loyce,Cormier,"196 Kohler Rue\nProsaccomouth, WA 49583",Haley-Satterfield
675,7799496,Ellis,Upton,"71629 Parisian Prairie\nWalkermouth, DC 98985-2844",Daniel-Kautzer
676,4801057,Kali,Sauer,"099 Sauer R_idges Apt. 499\nSouth Asias_ide, OK 62122-1046",Lakin-Haley
677,89961,Jocelyn,Trantow,"1007 Odie Plaza Apt. 490\nNorth Myahburgh, UT 72086","Kunde, Goldner and Aufderhar"
678,3803,Lloyd,Hintz,"750 Zetta Lodge Apt. 295\nHildaborough, CT 58980","Walker, Lakin and Strosin"
679,714153354,Chyna,Gorczany,"314 Hirthe Circles Suite 129\nLake Furman, OR 40837-7276","Mraz, Beahan and Welch"
680,7754929,Marquis,Lynch,"54089 Cons_idine Well\nKianaborough, VT 45225-6079","Sawayn, Russel and Schaden"
681,2039123,Gino,Cummings,"183 Swift Keys\nNew Shannaborough, AR 73073",Cummerata-Wisoky
682,29161,Adam,Sawayn,"261 Hettinger Street Suite 276\nWeimannmouth, MN 66506-0603","Kuhlman, Leffler and Vandervort"
683,8478601,Mathew,Kuhlman,"9483 Juanita Lights\nNorth Lorna, KY 27592-3605",Hansen-Mitchell
684,268,Jocelyn,Luettgen,"13646 Angie Walks\nNorth Carlitown, DC 18675",Douglas Ltd
685,800,Camron,Schuster,"46856 Hirthe Overpass\nPort Loma, MO 73196-4564",Hegmann Ltd
686,517435852,General,Kshlerin,"51268 Kessler Centers Suite 776\nShainafort, AL 53661-9730",Schaefer Group
687,30248,Jamey,Rice,"25089 Virginie Route Suite 355\nHowellburgh, MI 95931-3702",Botsford PLC
688,872,Alfreda,Schiller,"21214 Breitenberg Estates Suite 087\nNew Harmony, SD 95836-9849",Rau-Ryan
689,798031739,Agnes,Emmerich,"18746 Wunsch Street Suite 724\nJohanport, OH 29527","Stanton, Kautzer and Beer"
690,449022,Jennifer,Kris,"911 Camden Run Suite 264\nLake Jaime, PA 04350-4020",Howe-Mayer
691,4298107,Alba,Stamm,"6265 Cassandre Islands\nLake Fernando, MI 07097",Kshlerin-Christiansen
692,9085,Lulu,Renner,"2802 Gibson Coves\nNew Marionberg, AZ 86750-9602",Rutherford-Goyette
693,2745598,Viola,Cole,"639 Heller Pine Suite 034\nLake Rick, IA 70846-8377",Prosacco Inc
694,327148448,Sebastian,Ebert,"671 Murphy Villages Suite 914\nSouth Shyanne, ME 56862","Lebsack, Bergnaum and Davis"
695,89867796,Emelie,Breitenberg,"2426 Thurman Shoal\nNorth Ellismouth, WI 46143","Ortiz, Hoeger and Vandervort"
696,206,Kolby,Strosin,"04973 Selina Cove\nWest Simone, RI 95081-7832",Pagac-Grimes
697,3933,Joannie,Funk,"0555 Zachariah Walks Suite 609\nWisokystad, MO 38556-8491","Rice, Frami and Waters"
698,5201,Javier,Abbott,"7666 Nathanael Garden Suite 217\nMarlonfurt, NJ 05886-8278",Keeling-Ernser
699,954165488,Toby,Bogan,"87832 Cameron Wells Apt. 105\nPort Anabel, KY 60474-8518",Schamberger Inc
700,92230762,Danial,Cummings,"345 Dare Loop\nSchimmelfort, MS 24754-8057",Bahringer-Kunde
701,93636783,Elias,Mayer,"035 Ayden Springs Apt. 931\nJulietmouth, NM 57823-4263",Baumbach Ltd
702,5210,Lessie,Medhurst,"0234 Mosciski Hollow Apt. 753\nNew Kira, TN 12510-7064",Bogan-Kulas
703,954,Adrianna,Zieme,"17440 Kertzmann Cliff Suite 804\nEast Eloiseburgh, OR 10261",Rohan Ltd
704,55318,Madaline,Gottlieb,"444 Karine Fall\nAnnabelleton, GA 09113",OKeefe-Gaylord
705,5200,Lenna,Davis,"44295 Bryce Oval Apt. 969\nEast Herta, MD 57621-6223",Bednar-Pfannerstill
706,9578439,Chris,Marquardt,"92448 Horacio Heights Apt. 791\nNew Damaris, NJ 53869-5664",Pouros-Schaefer
707,219,Renee,Gislason,"42861 Satterfield Circle\nDominiques_ide, OR 45056-4790",Ratke-Friesen
708,443666,Aron,Bednar,"25878 Tyshawn Forest Suite 448\nLeannonfurt, FL 32077","Boyle, Pouros and Haley"
709,1159790,Cindy,Koepp,"587 Gregg Extensions Apt. 933\nNew Moriah, CO 59390",Kris PLC
710,16101,Lance,Leannon,"9999 Troy Valley\nKlockoshire, GA 08075-7178","Schiller, Howell and Littel"
711,71548143,June,Parisian,"5244 Bins Points\nRolfsonchester, WY 10211-7167",Barton-Schumm
712,6215,Velva,Schuppe,"64785 Gerlach Village Apt. 716\nLake Evieport, WV 67442","Armstrong, Donnelly and Ondricka"
713,7930398,Valentin,Nolan,"1313 Jones Harbors Suite 968\nNorth Jaymouth, NE 05569",Wintheiser-Kshlerin
714,762,Jazmyn,Anderson,"699 Hollie Bypass\nRunolfsdottirburgh, ND 32443",Nitzsche-Terry
715,69305,Nat,Runolfsson,"4007 Wisozk Tunnel Apt. 187\nLake Verona, ND 09609-9876",Treutel-Boyle
716,5733,Agustin,Muller,"49028 Chase Stravenue Suite 822\nMattiebury, AR 96083-8545",Bartell Group
717,37715063,Michale,Powlowski,"9087 Vince Div_ide\nWolffberg, AZ 45352","Sauer, Murazik and Parisian"
718,123,Sylvan,Roob,"42504 Armstrong Terrace\nClemensville, GA 48370","Turner, Price and Doyle"
719,50225,Nikko,Smitham,"45314 Wisozk Crescent Suite 462\nRunteview, OR 99494","Feil, Greenfelder and Weber"
720,611814928,Nyasia,Gerlach,"65712 Hoppe Fords\nBuckr_idgemouth, _id 46264-6137",Schinner and Sons
721,2763,Rhea,Hickle,"9653 Murphy Pass\nNew Margarette, MA 79832-2101",Kris-Vandervort
722,87583813,Jacey,Labadie,"9969 Witting Mountains\nPort Edisonfurt, LA 81110-6336",Rath PLC
723,86650,Francisco,Grant,"607 Wehner Port\nEvehaven, HI 36199-4170",Ankunding-Dietrich
724,64696,Austyn,Lowe,"85512 Ankunding Shores\nLake Mariettaland, ME 69388",Ziemann-Wyman
725,626,Thaddeus,Morissette,"686 Ike Via Apt. 473\nTellymouth, HI 17427",Keeling LLC
726,393,Foster,Stehr,"930 Welch Via\nJohnss_ide, LA 09579",Hane-Grant
727,371,Salvador,Beier,"875 Gulgowski Flat\nMyrticeville, MN 36731",Koss-Goyette
728,462,Marilyne,Langosh,"2993 Bethany Shoal\nSouth Lexi, IA 87126-3323",Klocko-Barrows
729,3840,Wilford,Roberts,"48836 Maye Shoal Suite 347\nEast Ulicesstad, IA 26944",Gleichner-Spencer
730,8550442,Elmer,Sawayn,"040 Wilfredo Coves\nNew Troy, MA 42517-0687",Murray-Simonis
731,327573,Devonte,Fahey,"87585 Jessyca Neck\nDonnellytown, IA 81284","Jakubowski, Metz and Sauer"
732,6152,Chester,Kuphal,"93204 Heller Ford\nEleazarville, NE 48655",Reichert-Kerluke
733,56,Selina,Hermiston,"480 Santiago Cliff\nCollinsberg, IN 50980-5035",Quigley PLC
734,6974194,Miller,Keebler,"2962 Jairo Island Suite 832\nSouth Modesto, UT 85919-4962",Jones-Jast
735,40377067,Dylan,Kreiger,"239 Holly Mission Suite 939\nKamilleshire, IL 04352-0275",Sporer-Schne_ider
736,813472,Derick,Mayert,"150 Larson Burgs\nPort Ricardo, MN 00954-0072",Erdman Ltd
737,887243,Darrin,Bode,"4024 Torp Summit Suite 752\nEast Cleta, OR 61729-9291","Koepp, Reichel and Reichert"
738,683,Santa,Hermann,"046 Reed Lane Apt. 330\nSincerechester, MO 73394-1695","Farrell, Casper and Anderson"
739,595700,Jackie,Wehner,"67391 Patrick Prairie\nZulaufmouth, MI 12820","Effertz, Schiller and Medhurst"
740,129,Bobby,Senger,"025 Renner Motorway\nNorth Eden, PA 91590",Cole LLC
741,26220098,Makenzie,Sipes,"11097 Horace Gardens\nDickinsonmouth, DC 78438-0244",Cons_idine-Barton
742,64305150,Melyssa,Hagenes,"85975 Nolan Points\nMadelynnborough, CT 32481","Connelly, Spencer and Sawayn"
743,9911,Yasmin,Wiegand,"0196 Nona Rest Apt. 807\nNew Saigechester, AL 03434-7919","Johns, Hettinger and Kshlerin"
744,44,Dianna,Stracke,"7350 Arch Station Suite 558\nCristophermouth, NV 64080",Kiehn-Schumm
745,615,Vicenta,Gerlach,"40731 Kuhn Rap_ids Suite 287\nOndrickaberg, WV 77798",McLaughlin-Walsh
746,574,Kristina,Reilly,"80580 Aniya Br_idge Apt. 494\nWest Dandreport, AR 65472",Ward-Dare
747,1540,Lea,Cole,"12919 Schmitt Inlet\nLake Devinbury, LA 68640-3861",Collier-Dooley
748,196,Kenton,Fay,"50453 Lemke Rap_ids\nAdelaland, AK 10915",Mraz LLC
749,8149864,Cleora,Boyle,"267 Brown Junctions Suite 472\nNew Fritzmouth, NJ 50812",Effertz Group
750,9720095,Jewell,Legros,"19662 Kilback Knoll\nNew Ramona, MT 78256",Willms Ltd
751,26,Bette,Hand,"92953 Christa Groves Suite 564\nPort Juddfort, NE 19893-8790",Roob Ltd
752,688,Rebeka,Kihn,"30943 Abernathy Mountain\nTorphyshire, AK 09718",Mayer Group
753,93987,Emil,Pfeffer,"9643 Crist Meadow Apt. 592\nNorth Thomas, UT 98686","Gulgowski, Dietrich and Jaskolski"
754,10233,Casandra,Harvey,"356 Hackett Plaza Apt. 948\nSchaefermouth, MI 90833-1001",Cummerata PLC
755,13,Loyce,Deckow,"8006 Graham Freeway Apt. 962\nCarolfurt, SC 10397-6848",Leffler Ltd
756,31157,Paula,Miller,"275 Maxie Viaduct Apt. 068\nNew Izabellafort, DC 89986-4861",Eichmann Ltd
757,18075,Ebba,Marquardt,"875 Arne Drive\nLake Josefinahaven, OR 80788-0756","Barton, Ernser and Huel"
758,525,Herbert,Mueller,"6556 Mante Ways Suite 586\nHerminialand, UT 04596-9009","Schaefer, Howell and Abbott"
759,337,Jaclyn,Wolff,"065 Juston Curve Apt. 348\nAbdulfurt, _id 10876",Mayert and Sons
760,365373,Evie,Jacobi,"6448 King Groves Apt. 787\nLake Kallieview, SD 42948-0727",Satterfield-Romaguera
761,346862003,Ophelia,Haley,"6517 Greenfelder Parkways Apt. 541\nLake Tracemouth, WY 14845-4772",Satterfield-Hintz
762,6425,Walton,Kris,"98264 Damaris Circle\nNew Malvina, IA 40228-3882","Heathcote, Rath and Gleichner"
763,2280089,Daniella,Kuhn,"0938 Gerald Station Suite 327\nNorth Jefferyport, AR 18568",Howell Ltd
764,590788980,Cameron,Kohler,"021 Enos Mountain Suite 032\nRomanshire, WA 73587-4081",Hyatt-Littel
765,5202,Mozelle,Toy,"171 Boyle River Suite 874\nNorth Ayla, MN 55016-1122",Klocko LLC
766,548,Coralie,Bernier,"289 Botsford Expressway\nEast Howard, WI 22388-7066","Kozey, Waelchi and Rolfson"
767,25567834,Conor,Kihn,"8741 Jaskolski Prairie Apt. 656\nWest Evieview, AK 25896",Beatty and Sons
768,38,Mariane,Anderson,"4884 Altenwerth Radial\nPaucekview, MD 81077",Mraz PLC
769,880374581,Fernando,Abernathy,"14223 Kaleb Island\nTrishafort, OH 54751","Mitchell, Mueller and Willms"
770,2326,Rita,Homenick,"97335 Trantow Cove\nPort Athenafurt, VT 86809-6190","Crooks, Metz and Raynor"
771,380573,Misty,Bernhard,"79728 Klein Spurs\nLake Raoul, MI 20385-1971",Friesen-Jakubowski
772,260,Toni,Zulauf,"37330 Thiel Way Suite 670\nSouth Jovannyland, LA 07409","Kerluke, Howe and Carroll"
773,138420959,Daphnee,Mills,"59944 Feest Rap_id Suite 270\nWolffberg, MO 35503-3801","Terry, Haley and Hilll"
774,90033,Andreane,Carroll,"7145 Kim Springs\nPascalefort, MD 75555","Parker, Labadie and Kozey"
775,58210,Anjali,Erdman,"022 Edmund Passage\nBriceton, DC 96515-1802",Russel LLC
776,7244776,Domenic,Cormier,"42478 Lueilwitz Canyon\nEast Helenefurt, ND 21125-6728",Buckr_idge-Schoen
777,9538468,Viola,Block,"8419 Bradford Brooks\nDares_ide, OH 54858-9054",Schumm and Sons
778,71320,Frieda,Lebsack,"3500 Janie Islands\nEast Josianneburgh, MN 54492-3973",Leffler-Hoeger
779,32539,Clemens,Witting,"0515 Rempel Land Suite 224\nEast Randal, MT 45485-7625","Denesik, Block and Quitzon"
780,27,Greyson,Mann,"19359 Kendrick Junctions Suite 479\nGoldnerville, CA 81737",Anderson Group
781,47954,Dolores,Balistreri,"2444 Onie Alley Apt. 636\nNew Tedberg, OK 52195","Lockman, DuBuque and Feeney"
782,962292496,Pat,Bode,"4635 Norval Brook\nMurraystad, SC 15732-3652","Bahringer, Doyle and Schulist"
783,505,Sasha,Streich,"20327 Donnelly Run Apt. 485\nLake Novachester, SC 72872-0299","Lang, Koch and Daugherty"
784,52912045,Kale,Goldner,"654 Karlee Roads Apt. 356\nNorth Brooks, FL 29338-4445",Mraz Ltd
785,55725407,Desiree,Shanahan,"073 Eveline Islands\nPort Herminiomouth, NV 86010","Moore, Barton and VonRueden"
786,4028,Christina,Senger,"17297 Penelope Gateway Apt. 944\nGrantfort, DC 35389","Mosciski, Renner and Turner"
787,50,Raven,Kassulke,"8311 Kylie Fork\nNew Zita, PA 73831-0412","Pagac, Larkin and Schamberger"
788,54356,Verla,Kuhlman,"439 Katlyn Green\nBashiriantown, UT 76873",Hermann-Roberts
789,6443273,Alfonso,Pfeffer,"4758 Asa Locks Suite 408\nEarlineview, DC 65302-1247","Pouros, West and Harvey"
790,27797,Federico,Hayes,"113 Chanelle Curve Apt. 654\nNew Jillianbury, ND 43299",Cruickshank Inc
791,1754,Nasir,Jerde,"3713 Orie Unions\nEast Kristin, NJ 20812",Romaguera Inc
792,225705308,Lenore,Williamson,"295 Ondricka Canyon Suite 908\nJaydonborough, OK 82324",Wiegand-Moen
793,332968150,Kayla,Lockman,"3850 Cayla R_idge Suite 256\nPort Sabina, WY 88299",Lemke Inc
794,59,Reanna,Bednar,"64117 Maurice Brook Suite 706\nSouth Susannaland, KS 77920-7119",Prosacco-Gibson
795,1933169,Houston,Schmeler,"307 Hintz Neck Apt. 855\nPort Elsebury, CT 75854-1898",Dare and Sons
796,21826,Luigi,Kihn,"67940 Anita Station Suite 419\nHelenas_ide, AZ 20206",Dietrich-Oberbrunner
797,52909687,Connor,Kris,"92372 River Streets Apt. 255\nCandicetown, OH 97573-9223",Miller PLC
798,9543,Aurelio,Wyman,"6017 Bergnaum Estate Suite 707\nLeximouth, WI 52922-3806","Homenick, Stracke and Feeney"
799,32172614,Andrew,Gleason,"67402 Fiona Extensions Apt. 964\nLake Zoie, ME 48508",Feest Inc
800,18,Lance,OKeefe,"39737 Kale Port\nConnchester, MS 49576-0097",Crooks-Daniel
801,3869351,Shane,Senger,"09233 Schinner Greens Suite 391\nSouth Aletha, NJ 26526-0190","Thiel, Luettgen and Donnelly"
802,12121529,Graciela,Macejkovic,"695 Greenfelder Forks\nNew Tia, PA 36873-4389","Hane, Thompson and Kilback"
803,8248,Estrella,Klein,"529 Nitzsche Overpass\nLake Germaine, MD 04034","Gerlach, Bogan and Deckow"
804,342877498,Dayna,Olson,"859 Kihn Trafficway Apt. 662\nParisianview, AZ 54248-8126",Glover LLC
805,541706,Kylie,Kuhic,"2707 Kiehn Keys\nKlockos_ide, TN 57983",Howe-Larson
806,52086,Chelsea,VonRueden,"6074 McDermott Village\nJaydonborough, WY 95701",Halvorson-Dietrich
807,73238646,Braeden,Lubowitz,"29766 Makenna Springs\nPort Helgas_ide, WV 21394-5653","Lubowitz, Stiedemann and Abbott"
808,2510579,Kelsie,Treutel,"1479 Kerluke Spurs\nNew Pamela, HI 66868",Kautzer-Rolfson
809,9200541,Mina,Huel,"992 Price Island\nElouisetown, OH 49251",Pollich-Kunde
810,7331952,Tiffany,Ferry,"0187 Sauer R_idges Apt. 160\nPacochafurt, NY 86522","Hyatt, DAmore and Bashirian"
811,39505211,Ashley,Olson,"8219 Cummerata Estate\nGreenview, TN 84360",Keeling Inc
812,8354,Aron,Frami,"26206 Metz Ville\nLonnyburgh, FL 82022-4858",Kreiger and Sons
813,823,Pietro,Torp,"77667 Kuhic Extension Suite 912\nEldr_idgemouth, IA 71813-2309",Shields-Lebsack
814,906529,Barton,Walker,"195 Rowland Orchard\nLaurineview, DE 79920-6629",Ondricka-Gleason
815,150313477,Martina,Nicolas,"634 Forrest Canyon\nSouth Caraport, NM 86341",Wehner-Bayer
816,211,Rodolfo,Hagenes,"5873 Padberg Lodge\nFeestmouth, _id 32499",Fadel-Bode
817,549,Karlie,Weber,"3878 Mayer Court Suite 899\nNew Sydnee, IN 76420-7331",Wyman Group
818,940988274,Brisa,Johns,"18695 Brayan Cliffs\nLake Elsa, AK 67801-6463","Murray, Boehm and Morissette"
819,756,Bailee,Schuppe,"83757 Kassulke Pine Apt. 202\nWest Allan, HI 12172",Crooks-Larkin
820,5337471,Deron,DuBuque,"56933 Samantha Greens Suite 521\nWittingburgh, TX 41870",Volkman and Sons
821,88032922,Ruthie,Nader,"100 Torp Via\nWest Pamela, WY 74783",Kessler and Sons
822,64101085,Bella,Cons_idine,"22519 Demarcus Forges Apt. 779\nAutumnton, IN 76396-1605",Koepp Ltd
823,612876557,Juana,Stokes,"842 Augustine Pike\nKameronborough, AL 50590",Jaskolski Ltd
824,3497,Gudrun,Stoltenberg,"7063 Vallie Well\nEast Asia, MA 62876-8842",Wisoky-Bernier
825,7520161,Benton,Tillman,"7898 Davion Park\nRodriguezhaven, TX 54577","Cole, Stroman and Fadel"
826,91554,Fabian,Buckr_idge,"81310 Marcia Corners Suite 202\nPort Schuyler, MT 42555",Schroeder and Sons
827,107818,Zena,Nicolas,"68134 Demarcus Extensions Apt. 082\nBradtkeville, MT 80521-6090",Legros Inc
828,243,Flossie,Shields,"072 Gerard Burgs Apt. 992\nChristiansenland, KY 45394","Goldner, Collier and Cummings"
829,963921,Juliana,Schroeder,"3403 Norberto Gateway\nWest Elizashire, TX 63741","Pouros, Farrell and Gerhold"
830,83941140,Briana,Rempel,"1750 Maggio Road Apt. 279\nSouth Fernando, VT 34717",Jerde LLC
831,1782,Adaline,Johnston,"132 Andy Burgs\nKendallberg, NC 43086",Ortiz-West
832,20065,Carissa,Gottlieb,"01964 Keanu Valleys\nNorth Amani, MO 94550-5090",Raynor LLC
833,355835282,Muhammad,Lindgren,"0642 Sage Villages Apt. 197\nSchowalterfurt, AK 36476","Rath, Altenwerth and Goldner"
834,3185,Hailey,Fisher,"64280 Collins Turnpike Suite 901\nMacejkovicchester, MN 72264-3428",OKeefe Inc
835,857,Candice,Gleichner,"932 Marianna Hollow\nKennedyton, FL 90014",Stehr LLC
836,73,Ernest,Lubowitz,"699 Kessler Alley\nLake Huldafort, OK 45115","Tremblay, Reilly and Murray"
837,8523535,Maxine,Rodriguez,"237 Sallie Highway Apt. 680\nEast Leslie, CT 02068-6843",Nitzsche-Goldner
838,51766053,Arch,Bogan,"8212 German Forges\nKilbackfort, RI 61425-4291","Spencer, Wintheiser and Marquardt"
839,834834171,Angel,Funk,"996 Ahmed Burg Suite 573\nKellenfurt, UT 01091-6034",DAmore and Sons
840,33911041,Cortez,Yundt,"634 Dickinson Prairie\nNew Jaleel, NH 36939-6142",Murray-Boyer
841,237,Zora,Blanda,"126 Haag Shoals Apt. 333\nTrevionview, ND 55937-3489",Gleason Inc
842,483250,Timmothy,Hilll,"814 Kariane Road\nKarianeburgh, IA 25427",Prosacco LLC
843,13293,Nat,Kiehn,"68747 Cummerata Via\nEast Liliana, WA 30783-8306","Gleichner, Boyle and Conn"
844,791857,Zander,Gaylord,"83195 Raynor Div_ide\nSouth Madalinestad, NY 32691-7306","Steuber, Fahey and Padberg"
845,863651605,Karianne,Orn,"557 Ruthe Mountains\nNorth Queenhaven, IL 25202",Schuster-Gislason
846,64464,Jordon,Schmeler,"142 Colton Crossroad Apt. 647\nPort Clementstad, AL 19783-5220","Aufderhar, Gleason and Wolff"
847,580261174,Scarlett,Pacocha,"936 Laurie Unions Apt. 241\nNew Robertamouth, MS 07266-6636","Tromp, Reichel and Pollich"
848,707929,Joshuah,Torp,"977 Reta Trace Apt. 137\nLennyhaven, SD 35867",Maggio-Moen
849,58881,Theodore,Schmeler,"51056 Conroy Court\nLelatown, GA 58287-3211",Sipes Group
850,5798278,Kenton,Schmeler,"6181 Gislason Centers Suite 069\nNew Richardfurt, GA 48390-9636","Lang, Gislason and Pouros"
851,467244594,Branson,Schumm,"35097 Meda Heights Suite 303\nLake Aaronbury, TN 72525-1681","Konopelski, Turcotte and Harris"
852,568,Bryce,Kiehn,"39207 Oberbrunner Fall\nKipmouth, NV 77134-9906",Von Ltd
853,89016330,Zoey,Shields,"959 Kozey Turnpike\nGleasonfort, NV 47886","Mayert, Reinger and Daniel"
854,9595273,Kelsi,Sawayn,"2535 Monahan Circle Suite 855\nNaderhaven, MN 66164-6084","Terry, Prosacco and Deckow"
855,651819340,Melvin,Schiller,"562 Flossie Groves Suite 178\nKassulkeville, NJ 39140-7708",Will LLC
856,12698320,Dexter,Bayer,"046 Eldr_idge Isle Suite 965\nNorth Brianneland, OH 64770-6109",Hudson LLC
857,11268,Nora,Collier,"302 Bartell Meadow Suite 755\nNorth Aimee, OH 75951-8702",Harvey-Jacobson
858,911759,Daphne,Schaden,"0974 Reilly Fall Apt. 184\nWest Rileytown, DC 50353",Lowe-Gaylord
859,3423768,Josefa,Rice,"740 Claude Cape\nSchroederfort, NE 40927-6462",Runolfsson-Deckow
860,22615,Carli,Hessel,"3331 Casper Islands Apt. 299\nJenkinsberg, AZ 08704-9580",Hauck-Flatley
861,707387990,Lindsay,McGlynn,"4810 Edgar Cape\nWest Shadbury, WV 47416","Price, Durgan and Jaskolski"
862,761636,Mac,Ledner,"414 Greta Fall Apt. 541\nSouth Golden, IN 61991-8308",Adams-Smitham
863,613629142,Percy,Schm_idt,"7977 Wuckert Isle Apt. 955\nGregfort, NH 95765",Brown-Legros
864,60,Craig,Tillman,"4971 Ara Ford\nSanfordton, AK 74886",Medhurst-Corwin
865,66129490,Ethel,Rosenbaum,"949 Jennifer Rap_id\nRowemouth, NV 76860-8497","Williamson, Robel and Zemlak"
866,384,Nellie,Hahn,"729 Hand Fields\nTorphyton, NE 68759-8520",Kilback-Ortiz
867,3767447,Daniella,Mitchell,"371 August Roads\nRunteburgh, ME 37514",Homenick-Hahn
868,189406310,Martina,King,"65213 Wisoky Walk Apt. 052\nSouth Karolannstad, DE 04342",Harris-Reinger
869,175846813,Mason,Vandervort,"833 Tyrell Run Apt. 421\nNew Kimport, DC 21769-4300","Bartell, Abshire and Kiehn"
870,7993109,Terrell,Kessler,"87983 Willms Overpass Suite 616\nWest Manleyville, CT 56735",Hansen Group
871,68815006,Godfrey,Goldner,"2255 Sydnee Summit\nRueckerhaven, SC 64403","Dibbert, Sawayn and OHara"
872,27506470,Ebba,Bahringer,"369 Serenity Ports Apt. 752\nDevonteburgh, WA 19939","Willms, Kiehn and Moen"
873,6139,Douglas,Mosciski,"010 Raphael Tunnel\nNorth Janietown, WV 43834-9185",Reynolds Group
874,15353264,Aditya,Batz,"598 Floy Station\nReynoldsville, SC 93570-4341",Beahan Inc
875,82864048,Olga,Koelpin,"96596 Jessika Mission Suite 269\nWhitefurt, NH 55334-1222","Paucek, Price and Kemmer"
876,18074,Griffin,Wisoky,"85380 Aliza Mount\nLake Brooks, TN 21816-2400","Murazik, Reichel and Prohaska"
877,960826719,Ja_ida,Kemmer,"4746 Schimmel Mountain\nBernardbury, ND 81923","Kshlerin, Kuhlman and Weissnat"
878,5594,Nola,Klocko,"988 Federico Walk\nSchummstad, VA 50128",Stracke Ltd
879,112201,Kennedi,Gleichner,"608 Giovanny Wall\nElissaberg, MT 98690-1405",He_idenreich-Schimmel
880,865,Holly,Buckr_idge,"9192 Boyle Manor\nLeopoldborough, NM 42669",Eichmann-Johnson
881,210993,Mossie,Denesik,"277 Drew Orchard Apt. 031\nEast Abigale, MS 14603-3938",Pollich LLC
882,2910,Helga,Yost,"8734 Noemi Row\nLake Tianas_ide, NJ 58571","Grimes, Rohan and Huel"
883,14648797,Florencio,Stiedemann,"3716 Windler Mount\nNorth Pearliebury, WI 70460-1290",Kassulke-Mueller
884,92669396,Margaret,Legros,"5166 Lloyd Camp Suite 567\nHamillbury, OH 26760-3130","Jacobson, Kling and Torp"
885,966077208,Jane,Cummerata,"623 Barrows Fields\nEast Elmoreshire, UT 10612-3546","Pfannerstill, Ferry and Schne_ider"
886,7886407,Audie,Durgan,"64178 Wiegand Summit\nKarinaborough, HI 06188-1957","Torphy, Cormier and Hickle"
887,95510,Felipe,Altenwerth,"76045 Boyer Islands\nNew Morris, NE 33481","Emard, Boehm and Harvey"
888,3755,Sylvia,Kihn,"7705 Kerluke Locks Apt. 655\nJermeys_ide, TN 37930",Marquardt-Franecki
889,76035569,Carol,Hilpert,"93828 Anderson Locks\nFredchester, WA 92971-9783","Brekke, Weimann and Koelpin"
890,648110,Rickie,Kuvalis,"0555 Olson Springs Suite 453\nSouth Godfrey, GA 01921",Wisoky-Shields
891,52930,Nedra,Larkin,"791 Lempi Row Apt. 780\nMaggioberg, MO 06080",Funk-Hilpert
892,55617582,Jackson,Lesch,"806 Ari Courts Apt. 672\nBorerton, AZ 55250","Pfannerstill, Klocko and Gorczany"
893,3972,Christiana,Dare,"816 Skiles Prairie Suite 955\nNew Rosemarie, ME 15581",Weber and Sons
894,8875844,Ardella,Schuppe,"08759 Williamson Shores Apt. 635\nLake Jenifershire, NV 09252-8471","Ward, Jacobi and VonRueden"
895,527511,Roberto,Fisher,"677 Klein Overpass\nPort Zackerychester, VA 26967",Bechtelar and Sons
896,886541,Magnus,Hirthe,"60378 Gabriel Islands Suite 369\nLake Michael, WY 00040","Lind, Casper and Trantow"
897,5188084,Monique,Hintz,"32886 Renner Pine\nFrederikfort, AR 81401",Hahn-Bahringer
898,18316367,Sammy,Bartell,"02323 Harvey View Suite 641\nWillmsborough, AZ 09697-7056",Rath Group
899,24567,Hudson,Ullrich,"842 Sam River Apt. 504\nCorkeryburgh, OR 26158-2429",Moen-Abshire
900,954694,Lela,Fahey,"09438 Clementina Mill\nHymanfort, KY 88007-6234",Barton Group
901,40797103,Curt,Welch,"0578 Isaac Valley Apt. 806\nWest Kristoffer, RI 90873",Simonis Group
902,527751118,Leonie,Stanton,"1450 Citlalli Lake Apt. 201\nColemanstad, TX 52526",Yost-Prosacco
903,279840,Arnold,Greenholt,"37154 Roberts Creek Apt. 312\nHaroldborough, PA 63942",Harris-Jast
904,99,Desmond,Swaniawski,"964 Cormier Point\nDickiville, RI 97462","Krajcik, Kreiger and Krajcik"
905,2782,Yesenia,Hahn,"163 Zieme Fields Apt. 615\nRutherfordview, KY 79651","Johns, Lubowitz and Rutherford"
906,969,Connor,Stracke,"013 Elwin Drive\nEast Clemensshire, KS 95110-1758","Zulauf, Murray and Pacocha"
907,848387422,Sammy,Feeney,"9471 DAmore Stream Suite 991\nPort Fabiola, RI 64191","Cremin, Feest and Reichel"
908,736693,Arjun,Cremin,"44525 Schuster Roads Suite 796\nMilfordfort, OH 25285-7141",Rosenbaum-OKon
909,415,Jarrett,Steuber,"05709 Trantow Cliffs\nDeliahaven, PA 06996",Schuppe LLC
910,690,Woodrow,Grant,"84976 Koepp Point\nEast Daytonton, WV 42999",Schamberger-Ryan
911,44775,Owen,Brown,"8584 Myah Islands Apt. 242\nSouth Jacquelyn, WY 35280",Leffler Inc
912,6829670,Narciso,Littel,"356 Wyman Union Suite 994\nAnaville, TX 53422-5863",Schaefer-Buckr_idge
913,7236,Rory,Paucek,"802 Kayla Squares\nNorth Margret, GA 59224-6124",OKeefe Group
914,9476,Kaden,Heathcote,"88671 Gutmann Plain\nLake Coopers_ide, SD 45043","Wolff, Beer and Wiza"
915,366499215,Halle,Gulgowski,"03278 Parisian Locks Suite 989\nWest Corrine, TX 49724",Kassulke LLC
916,49436,Christelle,Runolfsdottir,"664 Rohan Passage\nMyrtisshire, HI 67999-4895","Goyette, Stanton and Conn"
917,267,Evan,Swift,"3397 Korey Terrace Suite 157\nTownehaven, WA 22486-4414",Haag-Emard
918,394,Kareem,Zboncak,"41956 Jany Vista Suite 326\nSouth Irmamouth, TN 96393-9127",Medhurst-Welch
919,33412575,Aryanna,Cassin,"782 Weissnat Mews\nRafaelberg, WY 50291",Herzog Inc
920,405086,Virgil,Kiehn,"893 Tyree Camp Apt. 950\nPort Tina, ND 32359","Wyman, Parisian and Hessel"
921,19225873,Madalyn,Kihn,"163 Cummerata Shore Suite 994\nMerlestad, MS 95428",Johns-Toy
922,44151,Aditya,Becker,"7353 Ignacio Forges\nArelyshire, MT 83132",Roberts Ltd
923,596,Gabe,Wiegand,"2925 Friesen Islands\nTillmanton, MS 49564",Conn-OHara
924,34620,Layla,Davis,"525 Kathlyn Park\nEast Gordon, NJ 85449-5266",Hudson PLC
925,363678,Kristian,Armstrong,"3334 Franz Burg\nSouth Tomasaland, NC 46289-3997",Goldner-Balistreri
926,463,Kyler,Howell,"67893 Hane Ranch\nEdwins_ide, UT 10805-9384","Kunze, Luettgen and Blanda"
927,191929214,Keely,Shanahan,"9566 Tatyana Isle Suite 615\nPort Angelo, HI 33708","Hudson, Funk and McGlynn"
928,103,Torrance,McLaughlin,"947 Ferne Shoals Suite 606\nPort Shana, DC 30843-7894",Nienow Inc
929,33202,Garrison,Friesen,"93291 Shaina Locks\nPort Desireeshire, NV 07675",Shields-Okuneva
930,606848,Nicolette,Bradtke,"529 Louie Forest\nSouth Ransommouth, OK 39661-8138","Ruecker, Prohaska and Sawayn"
931,100794,Madilyn,Oberbrunner,"107 Leuschke Ports\nEast Elmo, OR 27568-4680",Bayer LLC
932,761007548,Jarret,Goldner,"8052 Alexanne Trail Suite 903\nBonitaborough, CT 88481-4504","Langworth, Glover and Tromp"
933,48596,Lola,Breitenberg,"11982 Lia Cliff\nPort Abdulland, WV 43109",Goyette-Leuschke
934,5483328,Dulce,Mills,"29555 Huel Manor\nKassulkebury, CA 02849",Kirlin and Sons
935,6367880,Beulah,Gaylord,"84420 Marilou Extensions\nCliffordland, MO 67490-9144","Strosin, Muller and Lindgren"
936,397398,Alexander,Shields,"84820 Brennan Port Apt. 211\nPort Lincoln, ND 11776",Nienow-Schmitt
937,147056689,Colby,Paucek,"580 Gorczany Terrace Suite 423\nSouth Hertha, LA 23805","Kshlerin, McCullough and Harber"
938,188,Jamar,Renner,"4374 Fanny Pike Suite 769\nPollichview, SC 40540-6594",Heller Group
939,42559531,Rachel,Goyette,"2044 Rosemary Inlet\nMarcelleview, CA 52183-8402",Ullrich-Batz
940,90995217,Ervin,Howell,"730 Orland Meadows Apt. 578\nEast Chadfurt, FL 18104-3553",Pfannerstill-Schumm
941,759766682,Bettye,Goldner,"884 Miles Knoll Apt. 549\nSouth Sedricktown, ME 07008-6813","Shields, Huels and Bode"
942,69092806,Lenna,Deckow,"7810 Buckr_idge Locks Apt. 357\nCollinfort, OR 84496",Lemke Ltd
943,561381,Brandi,Hahn,"87127 Chelsie Lane\nEast Paula, CT 01000",Maggio and Sons
944,97332227,Denis,Volkman,"29596 Annetta Road Suite 975\nBaumbachborough, UT 81813-8750",Schaden PLC
945,3329966,Ernest,Cormier,"20465 Waelchi Knolls Apt. 720\nLake Edgarton, ND 54683",Ullrich-Emard
946,712599,Aniyah,Medhurst,"219 Donnelly Isle\nPort Westonton, HI 12211-6011","Friesen, McCullough and Anderson"
947,1428,Kamryn,Cummings,"77424 Malcolm Dam Suite 999\nWest Clevelandfort, KS 75874-5581",Cummings Inc
948,5984769,Polly,Bradtke,"0978 OKon Ports Suite 320\nWest Pinkton, CO 09586","Kautzer, McDermott and Wolf"
949,682389714,Alisa,Kling,"76714 Dillan View Suite 840\nPort Celestinoview, MA 64651",McKenzie Group
950,768342293,Bailey,Windler,"80543 Kristina Mountains Suite 222\nLake Lorainechester, MT 57260-2266",Smith Inc
951,963,Javonte,Johnston,"913 Citlalli Plains\nSouth Audiemouth, IL 56565",Kling-Mante
952,511171369,Kylie,Roob,"67301 Major Row Apt. 040\nMadisynshire, MT 81781-5410",Dach Ltd
953,8178222,Raoul,Ortiz,"2829 Treutel Club\nElainaburgh, IA 76335","Kuvalis, Doyle and Purdy"
954,139,Miles,Sauer,"0388 Roob Rue Suite 415\nEast Julius, MT 02108",Gorczany and Sons
955,390096,Camylle,Reichert,"5116 Turcotte Shore\nRosaliafurt, MT 04715","Predovic, Farrell and Weissnat"
956,242795,Shaun,Bosco,"90743 Wolff Islands Apt. 055\nRosemariemouth, IL 91159-4954",Greenfelder-Hansen
957,90535,Queen,Zulauf,"481 Cooper Loop Apt. 684\nShanahanborough, NE 76608-8497","Schamberger, Armstrong and Kerluke"
958,859269293,Maria,Yost,"68479 Lang Summit\nStrosintown, MN 84652",Kohler-Boyle
959,611232773,Margarett,Kilback,"86887 Deborah Lodge Apt. 497\nLuettgenfurt, NV 83877",Kulas-Fay
960,664003,Zula,Nikolaus,"498 Kelsie Field Apt. 805\nStarkbury, FL 97383-8021","Kihn, Stark and McKenzie"
961,657625,Treva,Batz,"469 Heather Shores\nLake Oswaldshire, UT 07282-3875","Nitzsche, Bartell and Bosco"
962,46003597,Gloria,Cremin,"772 McGlynn Rue Apt. 657\nMariahburgh, KY 24798-8659","McGlynn, Anderson and Christiansen"
963,717,Kenny,Fritsch,"184 Rohan Crossing Suite 338\nCecilemouth, IN 03052",Hane-Walter
964,521,Norbert,Fritsch,"0060 Blanda Bypass\nMarjoryport, NY 59406-8807","Schaefer, Deckow and Jacobi"
965,25834791,Austen,Keeling,"76434 Lexus R_idge\nSharonmouth, FL 53125-3438","Mante, Little and Boyle"
966,646487412,Jammie,Homenick,"27264 Goodwin Forest\nEarneststad, KY 81437","Cremin, Hintz and Cormier"
967,4120027,Reina,Hessel,"6857 Amara Shoals\nKleinton, KS 24817-1506",Lindgren and Sons
968,844007,Emory,Cremin,"24734 Renner Lodge\nOlsonmouth, SD 88126-6803",Gulgowski-Koelpin
969,335,Mathew,Lebsack,"36039 Murphy Mountains Apt. 337\nNorth Mossie, TN 71048-6584",Hilll LLC
970,43719935,Jamel,Haag,"944 Schaden Brooks\nJohnnieport, NY 91986",Wilkinson Inc
971,7104,He_idi,Hettinger,"87716 Willow Passage Apt. 845\nPort Kimtown, NV 94348-5233",Bruen-Reichert
972,91744,Cody,Hahn,"1490 Keven Terrace\nArliechester, MN 94901-6358","Wisoky, Kulas and Braun"
973,43921,Darrick,Zboncak,"536 Isac Pine Suite 173\nPort Bernadineview, IL 18126","Rippin, Schmitt and Gislason"
974,864,Rowland,Kuvalis,"98557 Polly Island Apt. 504\nNicolasborough, OH 48737-4315","Bogan, Boehm and McLaughlin"
975,8339361,Winnifred,King,"2128 Klocko Trail\nWest Cristalview, _id 84775-4789",Hahn and Sons
976,34827100,Joesph,Simonis,"0244 Swift Burgs Apt. 525\nKerlukestad, NH 48403",Abbott Group
977,351774,Cleveland,Luettgen,"70655 Smith Field\nRauview, NH 26754",Medhurst-Will
978,53077,Chelsea,Satterfield,"732 Stroman Ville\nNew Zoieland, OH 51195-8125",Kunze-Williamson
979,635680692,Madalyn,Rempel,"7538 Heller Forest\nUptonville, NE 73004",Raynor-Rogahn
980,702472653,Dav_id,Cormier,"36602 Jaquan Plaza\nSouth Marcelmouth, AL 84635",Marks-Bauch
981,83647,Boris,Frami,"984 Neil Groves\nPort Oda, NJ 50754",Murazik PLC
982,930248014,Bonnie,Hackett,"918 Jaydon Motorway\nSouth Clarahaven, TN 46527-5050",Stehr Ltd
983,67848859,Hortense,Smitham,"33394 Hettinger Via\nDaughertybury, MO 62292",Pagac-Fahey
984,6317940,Sandra,Langosh,"527 Watsica Isle Apt. 033\nOKeefetown, MD 04550",Block-Hayes
985,472799935,Krystel,Stoltenberg,"8341 Clare Prairie\nEast Amosshire, SD 53196-9414",Hintz-Prohaska
986,72356915,Meaghan,Goodwin,"9359 Okuneva Mall\nNorth Yvonnefort, MS 03128","Kirlin, Lockman and Graham"
987,4382,Jany,West,"437 Cummerata Points Apt. 575\nNew Trace, NC 44374-1224",Lowe-Predovic
988,6698,Audrey,Reilly,"784 Bins Forks\nPort Jefferyfurt, CO 52606",Quitzon Inc
989,6482,Gunnar,Rice,"8159 Johns Curve\nMurrayberg, KS 24314","Bartell, Gulgowski and Murazik"
990,314681744,Aletha,Homenick,"09442 Howe Run\nKristyport, CT 53375-3636","Mitchell, Gulgowski and Toy"
991,51685,Liana,Conn,"7517 Feest Gardens\nBartonborough, MN 03807",DAmore-Kozey
992,4071,Berta,Cremin,"2392 Alfreda Rap_ids\nSouth Uriel, NM 77892",Little-Fay
993,5011589,Lynn,Reilly,"2711 Fletcher Courts\nManteview, AR 62602",Rau and Sons
994,7344,Jermaine,Hahn,"86150 Carmella Point\nWest Stanshire, WV 17257-7847",Bradtke Inc
995,9418,Sadie,Schimmel,"907 Crooks Dale\nNew Faustino, UT 92528-1098","Howell, Waelchi and Hahn"
996,758022967,Elyssa,Heathcote,"5675 Wiza Curve\nSteuberchester, WY 68534-3569",Gusikowski PLC
997,863717,Chandler,Wiegand,"794 Claude Walk Apt. 969\nBorerborough, NV 14775",Walter Inc
998,338435,Rhea,Jaskolski,"80319 Torp Route Apt. 467\nBryceville, NC 94371",Klein PLC
999,51,Gerald,Harris,"35824 Dach Plain Suite 033\nLake Dorris, CA 08081-8313","Stehr, Miller and Nienow"
1000,9122639,Hailey,Kshlerin,"40237 Stehr Shoal Suite 137\nHeaneyberg, NE 46774",Welch Ltd
